name,id,tags,tech/manufacturer,rarity,base price,stack size,cargo space,baseRaidDanger,icon,sound id,sound id drop,plugin,plugin params,desc,order
Magellan Core Blueprint Package,magellan_core_package,"package_bp, magellan_package_bp",Jeshad Navy Yards,0.5,500000,1000,1,,graphics/icons/cargo/blueprint_basic.png,ui_chip_pickup,ui_bp_package_drop,com.fs.starfarer.api.campaign.impl.items.MultiBlueprintItemPlugin,magellan_core_bp,"Enables heavy industry to construct the common Magellan ship hulls, weapons, and fighter LPCs.",222
Magellan Advanced Blueprint Package,magellan_adv_package,"package_bp, magellan_package_bp",Jeshad Navy Yards,0.25,750000,1000,1,,graphics/icons/cargo/blueprint_basic.png,ui_chip_pickup,ui_bp_package_drop,com.fs.starfarer.api.campaign.impl.items.MultiBlueprintItemPlugin,magellan_adv_bp,"Enables heavy industry to construct advanced Magellan ship hulls, weapons, and fighter LPCs.",223
Magellan Demilitarized Package,magellan_civ_package,"package_bp, magellan_package_bp",Jeshad Navy Yards,0.75,500000,1000,1,,graphics/icons/cargo/blueprint_midline.png,ui_chip_pickup,ui_bp_package_drop,com.fs.starfarer.api.campaign.impl.items.MultiBlueprintItemPlugin,magellan_civ_bp,"Enables heavy industry to construct demilitarized Magellan ship hulls, weapons, and fighter LPCs.",224
Blackcollar Blueprint Package,magellan_blackcollar_package,"package_bp, magellan_package_bp",Blackcollar Regiment,0.01,750000,1000,1,,graphics/icons/cargo/blueprint_basic.png,ui_chip_pickup,ui_bp_package_drop,com.fs.starfarer.api.campaign.impl.items.MultiBlueprintItemPlugin,magellan_blackcollar,Enables heavy industry to construct specialist hulls and fighter LPCs for the Blackcollar Regiment.,226
Tichel Blueprint Package,magellan_yellowtail_package,"package_bp, magellan_package_bp",Tichel Mercantile Concern,0,500000,1000,1,,graphics/icons/cargo/blueprint_hightech.png,ui_chip_pickup,ui_bp_package_drop,com.fs.starfarer.api.campaign.impl.items.MultiBlueprintItemPlugin,magellan_yellowtail_bp,Enables heavy industry to construct specialist hulls and fighter LPCs for the Tichel Mercantile Concern.,225
Tichel Blueprint Package,magellan_yellowtail_no_ms_package,"package_bp, magellan_package_bp",Tichel Mercantile Concern,0.01,500000,1000,1,,graphics/icons/cargo/blueprint_hightech.png,ui_chip_pickup,ui_bp_package_drop,com.fs.starfarer.api.campaign.impl.items.MultiBlueprintItemPlugin,magellan_yellowtail,Enables heavy industry to construct specialist hulls and fighter LPCs for the Tichel Mercantile Concern.,225
Skytiger Blueprint Package,magellan_startiger_package,"package_bp, magellan_package_bp",Skytiger Guards Division,0.01,750000,1000,1,,graphics/icons/cargo/blueprint_basic.png,ui_chip_pickup,ui_bp_package_drop,com.fs.starfarer.api.campaign.impl.items.MultiBlueprintItemPlugin,magellan_startiger,Enables heavy industry to construct specialist hulls and fighter LPCs for the Skytiger Guards.,226
Herd Blueprint Package,magellan_theherd_package,"package_bp, magellan_package_bp",The Herd,0.01,650000,1000,1,,graphics/icons/cargo/blueprint_missile.png,ui_chip_pickup,ui_bp_package_drop,com.fs.starfarer.api.campaign.impl.items.MultiBlueprintItemPlugin,magellan_theherd,"Enables heavy industry to construct raider hulls, weapons, and fighter LPCs for the Herd.",227
Leveller Blueprint Package,magellan_levellercore_package,"package_bp, magellan_package_bp",Leveller,0.01,750000,1000,1,,graphics/icons/cargo/blueprint_basic.png,ui_chip_pickup,ui_bp_package_drop,com.fs.starfarer.api.campaign.impl.items.MultiBlueprintItemPlugin,magellan_levellercore_bp,"Enables heavy industry to construct Leveller-refit ship hulls, weapons, and fighter LPCs.",225
