name,id,tier,rarity,tech/manufacturer,tags,uiTags,base value,unlocked,hidden,hiddenEverywhere,cost_frigate,cost_dest,cost_cruiser,cost_capital,script,desc,sModDesc,short,sprite
#Core Hullmods,,,,,,,,,,,,,,,,,,,
Magellan Robust Architecture,magellan_engineering,4,,Magellan,magellan_core_hullmod,,,,TRUE,,0,0,0,0,data.hullmods.magellan_Engineering,This ship has been constructed using typical Magellan engineering principles that prize redundancy and layered protection over high performance.,,"Doubled weapon health and slowed turn rate, increased engine health. Blocks Hardened Shields and Armored Mounts.",graphics/Magellan/hullmods/magellan_engineering.png
Magellan Ablative Composites,magellan_noshield,4,,Magellan,,,,,,,0,0,0,0,data.hullmods.magellan_AblativeComposites,"This ship has been constructed with titanic slabs of ablative/absorptive armor composite. While still vulnerable to damage, it's fearsomely resilient.",Increases armor rating by %s and reduces EMP damage taken by %s.,Drastically reduces weapon/engine/beam damage taken; limits max armor damage reduction to 70%.,graphics/Magellan/hullmods/magellan_composites.png
Magellan Converted Shuttle Bay,magellan_convertedbay,4,,Magellan,,,,,TRUE,,0,0,0,0,data.hullmods.magellan_ConvertedShuttleBay,"This ship's unusually spacious shuttle bay has been converted to carry fighter LPCs. Thanks to typically overbuilt Magellan systems, there's no degradation of fighter performance.",%s,"Converts shuttle bay to carry fighter LPCs; increases fighter refit time.",graphics/hullmods/converted_hangar.png
Magellan Spacious Hangars,magellan_spacious_hangars,4,,Magellan,,,,,TRUE,,0,0,0,0,data.hullmods.magellan.SpaciousHangars,"The vast hangars aboard this carrier are well suited for arming and repairing heavy strike craft, although the cavernous spacing within the hull noticeably weakens the ship's superstructure. Squadrons that cost %s or more OP have their cost reduced by %s OP. Increases fighter replacement rate recovery speed by %s. Hangars reduce hull integrity by %s.",,"Discounts heavy fighter wing OP and accelerates refit recovery; reduces hull integrity.",graphics/Magellan/hullmods/magellan_spacious_hangars.png
Magellan Trajectory Analyzer,magellan_trajectory_analyzer,1,,Magellan,"magellan_core_hullmod, magellan_core_bp, magellan","Weapons, Magellan",2500,,,,4,8,12,20,data.hullmods.magellan.TrajectoryAnalyzer,"An older generation missile targeting computer updated for modern warships. Increases the range of %s composite weapons by %s and conventional missile weapons by %s, but reduces weapon and turret traverse speed by %s.",Negates weapon turn rate penalty and increases Archaic composite weapon range bonus to %s.,Boosts Archaic composite and missile weapon ranges; reduces turret traversal speed.,graphics/Magellan/hullmods/magellan_trajectory_analyzer.png
,,,,,,,,,,,,,,,,,,,
#Refit Hullmods,,,,,,,,,,,,,,,,,,,
Magellan Demilitarized Refit,magellan_engineering_civ,4,,Magellan,magellan_core_hullmod,,,,TRUE,,0,0,0,0,data.hullmods.magellan_DemilitarizedRefit,"This ship was constructed by Magellan Fleet shipyards, but has undergone a thorough demilitarization that strips it of any systems deemed too sensitive or dangerous for civilian ownership.",,"Increases weapon and engine health, reduces logistics costs; degrades sensors. Blocks Hardened Shields and Armored Mounts.",graphics/Magellan/hullmods/magellan_engineering_civ.png
Blackcollar Refit,magellan_blackcollarmod,4,,Blackcollar Division,magellan_core_hullmod,,,,TRUE,,0,0,0,0,data.hullmods.magellan_BlackcollarUpgrade,This ship has been upgraded slightly from the standard design and given a stealth coating for the elite Magellan Blackcollars.,,"Doubled weapon health, increased engine health, reduced sensor profile and recoil, but +30% maintenance. Blocks Hardened Shields and Armored Mounts.",graphics/Magellan/hullmods/magellan_blackcollarmod.png
Skytiger Refit,magellan_startigermod,4,,Skytiger Guards Division,magellan_core_hullmod,,,,TRUE,,0,0,0,0,data.hullmods.magellan_StartigerUpgrade,This ship has been upgraded from the standard design for the elite Magellan Skytiger Guards Division.,,"Doubled weapon health, increased engine health, reduced HE and EMP damage, but -10% top speed. Blocks Hardened Shields and Armored Mounts.",graphics/Magellan/hullmods/magellan_startigermod.png
Herd Refit,magellan_herdmod,4,,The Herd,magellan_core_hullmod,,,,TRUE,,0,0,0,0,data.hullmods.magellan_HerdRefit,"This ship has been sloppily refit by the Herd's mechanics, incorporating a number of crude but effective modifications to the engines and other systems. The result is a fast, but clumsy, handling profile, and the internal systems are highly resistant to damage.",,"Doubled weapon health, +10% Armor, flat speed bonus based on hull size, but worse handling and exposed engines. Blocks Hardened Shields and Armored Mounts.",graphics/Magellan/hullmods/magellan_herdmod.png
Tichel Mercantile Refit,magellan_yellowtailmod,4,,Tichel,magellan_core_hullmod,,,,TRUE,,0,0,0,0,data.hullmods.magellan.YellowtailRefit,"This ship has been fitted out to serve in the corporate fleets of the Tichel Mercantile Concern, with an emphasis on speed, defensive operations, and cost-effectiveness.",,"Doubled weapon health, increased speed, reduced DP cost, but -12.5% armor. Blocks Hardened Shields and Armored Mounts.",graphics/Magellan/hullmods/magellan_yellowtailmod.png
,,,,,,,,,,,,,,,,,,,
# === Leveller Movement ===,,,,,,,,,,,,,,,,,,,
Leveller Refit,magellan_levellermod,4,,Leveller Movement,magellan_core_hullmod,,,,TRUE,,0,0,0,0,data.hullmods.magellan_LevellerRefit,"This ship has been given a comprehensive refit by Leveller mechanics, installing a modern powerplant and shield generator, and improving the ship's handling.",,"Doubled weapon health, +200su energy range, +10% shield efficiency, increased dissipation, but -10% armor. Blocks Hardened Shields and Armored Mounts.",graphics/Magellan/hullmods/magellan_levellermod.png
Leveller Spartacus Reactor,magellan_spartacusreactor,4,,Leveller Movement,magellan_core_hullmod,,,,TRUE,,0,0,0,0,data.hullmods.magellan_SpartacusReactor,"This ship is powered by an experimental cryoflux reactor, which promises improved performance for some critical ship systems.",,"Discounts energy weapon OP, reduces fighter decay, variable EMP damage. Blocks EDC and RFC.",graphics/Magellan/hullmods/magellan_spartacusmod.png
Leveller Converted Drone Ship,magellan_converted_leveller,4,,Leveller Movement,,,,,TRUE,,0,0,0,0,data.hullmods.magellan.ConvertedCarrierLeveller,This ship's cargo hold has been expertly converted into %s built-in drone bays. The conversion process increases deployment cost by %s and reduces cargo capacity by %s units.,,"Adds 6 built-in drone bays; increases DP cost by 75% and reduces cargo by 500 units.",graphics/Magellan/hullmods/magellan_spacious_hangars.png
Leveller Contra Fighters,magellan_contraMod,4,,Leveller Movement,,,,,TRUE,,0,0,0,0,data.hullmods.magellan_contraMod,Legacy insurgent refit protocol. Obsolete.,,"Legacy insurgent refit protocol (obsolete).",graphics/Magellan/hullmods/magellan_contra.png
Ascendant Spartacus Reactor,magellan_rusalkaMod,4,,Leveller Movement,magellan_core_hullmod,,,,TRUE,,0,0,0,0,data.hullmods.magellan_rusalkaMod,"This ship serves as the testbed for the experimental Ascendant Spartacus reactor, a highly volatile next-generation Leveller prototype. Despite the delicately-balanced power and flux management systems hindering modularity, this one-off design is incredibly potent.",,"Increases damage, venting rate, and agility; penalizes range, hull, and EMP resistance. Heavy mod restrictions.",graphics/Magellan/hullmods/magellan_rusalkamod.png
,,,,,,,,,,,,,,,,,,,
#Mothership Specialist Hullmods,,,,,,,,,,,,,,,,,,,
TMC Assault Frigate Spec,magellan_yellowtail_assault,4,,Tichel,magellan_TMCexclusive_hullmod,,,,TRUE,,0,0,0,0,data.hullmods.magellan_TMCAssaultSpec,This ship has been modified for a direct-assault role.,,"Increases ballistic rate of fire and projectile speed; reduces weapon flux costs.",graphics/Magellan/hullmods/magellan_yellowtail_assault.png
TMC Beam Frigate Spec,magellan_yellowtail_beam,4,,Tichel,magellan_TMCexclusive_hullmod,,,,TRUE,,0,0,0,0,data.hullmods.magellan_TMCBeamSpec,This ship has been modified for a beam-weapon support role.,,"Allows beams to deal hard flux and increases damage against large ships (+20% capitals, +10% cruisers); reduces top speed.",graphics/Magellan/hullmods/magellan_yellowtail_beam.png
TMC Defense Frigate Spec,magellan_yellowtail_defense,4,,Tichel,magellan_TMCexclusive_hullmod,,,,TRUE,,0,0,0,0,data.hullmods.magellan_TMCDefenseSpec,This ship has been modified for a defensive escort role.,,"Increases weapon damage against fighters and missiles by 50%; PD ignores flares.",graphics/Magellan/hullmods/magellan_yellowtail_defense.png
,,,,,,,,,,,,,,,,,,,
#Herd Hullmod,,,,,,,,,,,,,,,,,,,
Herd Converted Carrier,magellan_converted_herd,4,,The Herd,,,,,TRUE,,0,0,0,0,data.hullmods.magellan.ConvertedCarrierHerd,"This ship's cargo hold has been haphazardly converted into %s built-in fighter bays. The improvised manufactory that produces fighter chassis is unreliable, and most components have minor defects. Fighter speed reduced by %s, and damage taken increased by %s. The conversion process increases deployment cost by %s and reduces cargo capacity by %s units.",,"Adds 2 built-in fighter bays with defective manufactory; increases DP cost by 50% and reduces cargo by 500 units.",graphics/Magellan/hullmods/magellan_spacious_hangars.png
,,,,,,,,,,,,,,,,,,,
#Antique Hullmods,,,,,,,,,,,,,,,,,,,
Antique Classic Design,magellan_classicdesign,4,,Antique,magellan_antique_hullmod,,,,TRUE,,0,0,0,0,data.hullmods.magellan_ClassicDesign,"This ship is a lovingly preserved classic from an earlier, more cultured era; a combination of careful maintenance and judicious upgrades have kept it competitive in the modern Persean Sector.",,"Increases range by 40%, slows fighter decay by 50%, doubles engine health, grants +1 s-mod. Blocks ITU/DTC and EDC.",graphics/Magellan/hullmods/magellan_classicdesign.png
Antique Restored Classic,magellan_classicdesign_b,4,,Antique,magellan_core_hullmod,,,,TRUE,,0,0,0,0,data.hullmods.magellan_ClassicDesignB,This ship is a painstakingly restored classic; a combination of careful reconstruction and replacements with Magellan technology have given it a new lease on life in the modern Persean Sector.,,"Increases weapon range by 30% and doubles engine health. Blocks ITU and DTC.",graphics/Magellan/hullmods/magellan_classicdesign_b.png
Antique Automated Defender,magellan_autodef,4,,Antique,magellan_core_hullmod,,,,TRUE,,0,0,0,0,data.hullmods.magellan_Autodef,"This ship is an ancient auto-defense unit from the Magellan exile fleet; it has been massively overbuilt, and can operate for centuries with minimal maintenance.",,"Doubles zero-flux speed boost and weapon/engine health. Blocks Hardened Shields and Armored Mounts.",graphics/Magellan/hullmods/magellan_autodef.png
Early Model Shield,magellan_classicshieldgen,,,Antique,magellan_antique_hullmod,,,,TRUE,TRUE,0,0,0,0,data.hullmods.magellan_ClassicShieldHullmod,"An early model shield generator characteristic of Antique strike craft, featuring primitive flux emitters with dynamic flux-reactive ionization.",,"Antique fighter shield emitter with dynamic flux visual effects.",graphics/Magellan/hullmods/magellan_classicdesign.png
Antique Expeditionary Mothership,magellan_mothershipcore,4,,Antique,magellan_antique_hullmod,,,,TRUE,,0,0,0,0,data.hullmods.magellan_MothershipCore,"The vast internal spaces of this ancient craft conceal many inactive systems and forgotten secrets; an experienced shiphandler will find ways to wring greater performance out of the existing systems, and bring new ones online.",,"Flagship core granting level-scaling speed, crew, bays, and s-mods. Blocks Expanded Deck Crew and Unstable Injector.",graphics/Magellan/hullmods/magellan_mothershipcore.png
,,,,,,,,,,,,,,,,,,,
#Magellan Exclusive Hullmods,,,,,,,,,,,,,,,,,,,
Magellan Ablative Bulwark,magellan_defense_mod,2,0.7,Magellan,"defensive, no_drop, no_build_in, magellan_exclusive_hullmod, magellan","Defenses, Magellan",,FALSE,,,4,8,12,20,data.hullmods.magellan_Defense,"Reinforces the hull and citadel with layered ablative composite tiles and internal spall liners. Increases armor rating by %s and hull integrity by %s, and reduces EMP damage taken by %s, High-Explosive damage by %s, and Fragmentation damage by %s. However, the massive weight reduces combat top speed by %s and interferes with shield projection, increasing shield damage taken by %s.","Increases armor rating by an additional %s, raises maximum armor damage reduction cap by %s, and completely negates top speed and shield damage penalties.",Reinforces armor/hull and dampens EMP/HE/frag damage; reduces speed and shield efficiency.,graphics/Magellan/hullmods/magellan_defense_mod.png
Magellan Heavy Strike Catapult,magellan_fighter_mod,2,0.7,Magellan,"offensive, no_drop, no_build_in, magellan_exclusive_hullmod, magellan","Fighters, Magellan",,FALSE,,,4,8,12,20,data.hullmods.magellan_Fighter,"Overhauls flight decks with high-capacity magnetic catapult rails and reinforced recovery cranes. Reduces ordnance point cost of heavy wings (%s OP or higher) by %s, increases replacement rate recovery speed by %s, reduces replacement rate decay on loss by %s, and reduces refit time by %s. However, light wings (under %s OP) suffer a %s penalty and internal conduits reduce hull integrity by %s.","Increases replacement rate recovery speed by an additional %s, improves total refit time reduction to %s, and completely negates light wing OP and hull penalties.",Discounts heavy strike wing OP and accelerates refit; penalizes light wings and hull integrity.,graphics/Magellan/hullmods/magellan_fighter_mod.png
Magellan High-Torque Grid,magellan_movement_mod,2,0.7,Magellan,"engines, no_drop, no_build_in, magellan_exclusive_hullmod, magellan","Engines, Magellan",,FALSE,,,4,8,12,20,data.hullmods.magellan_Movement,"Installs high-output hydraulic reaction verniers and calibrated gyro-stabilizers for rapid broadside alignment. Increases weapon and turret traversal speed by %s, ship turn rate by %s, turn acceleration by %s, deceleration by %s, zero-flux speed boost by %s, and combat top speed by %s, while reducing weapon recoil by %s. However, extreme mechanical servo wear reduces peak performance time by %s and increases CR degradation rate by %s.","Increases combat top speed by an additional %s, improves turn acceleration by %s, and completely negates peak performance time and CR degradation penalties.","Accelerates turret traverse, turning, and recoil absorption; reduces peak performance time.",graphics/Magellan/hullmods/magellan_movement_mod.png
,,,,,,,,,,,,,,,,,,,
#Comissioned Crews,,,,,,,,,,,,,,,,,,,
Magellan Battleline Doctrine,magellan_battleline,,,,,,,,TRUE,,0,0,0,0,data.hullmods.magellan_BattlelineDoctrine,"Magellan fleet doctrine emphasizes the primacy of the battleline above all other tactical concerns. Pursuit of a decisive battle with the enemy's fleet is the overarching goal of all operations, and Fleet Ops trains crew and develops new technology around this assumption.",Increases ballistic weapon rate of fire by %s and armor rating by %s.,"Increases projectile speed, non-beam PD range, and damage to fighters.",graphics/Magellan/hullmods/magellan_battleline.png
,,,,,,,,,,,,,,,,,,,
#Hullmod Blocker,,,,,,,,,,,,,,,,,,,
HULLMOD CONFLICT,MagellanBlockedBlankHullmod,,,,,,,FALSE,TRUE,,0,0,0,0,data.hullmods.MagellanBlockedBlankHullmod,"%s, the hullmod you tried to install conflicts with this hull or another previously installed hullmod.",,Blocks incompatible hullmods.,graphics/icons/intel/investigation.png
Mazian Shuttle Bay,magellan_maizan_shuttlebay,,,,,,,,TRUE,TRUE,0,0,0,0,data.hullmods.magellan.MaizanBay,"Internal flight bay routing for Mazian-class vessels. Incompatible with standard converted hangar conversions.",,"Incompatible with converted hangar modifications.",graphics/icons/intel/investigation.png
,,,,,,,,,,,,,,,,,,,
# === Magellan Content ===,,,,,,,,,,,,,,,,,,,
Magellan Smuggler Upgrades,magellan_smugglerMod,4,,Magellan,magellan_core_hullmod,,,,TRUE,,0,0,0,0,data.hullmods.magellan_smugglerMod,This ship has been significantly upgraded from the standard spec using a variety of difficult-to-acquire parts from across the sector.,,"Increases weapon/engine health, vent rate, and speed; reduces recoil; +20% maintenance supplies. Blocks Armored Mounts.",graphics/Magellan/hullmods/magellan_smugglermod.png
,,,,,,,,,,,,,,,,,,,
Magellan Marauder Modifications,magellan_marauderMod,4,,Magellan,magellan_core_hullmod,,,,TRUE,,0,0,0,0,data.hullmods.magellan_marauderMod,This ship has been heavily modified by the Marauders to better control the battlespace with rapid hammer-and-anvil tactics.,,"Increases weapon health, top speed, and nav bonus; reduces fighter decay and turn rate. Blocks Hardened Shields and Armored Mounts.",graphics/Magellan/hullmods/magellan_maraudermod.png
,,,,,,,,,,,,,,,,,,,
,,,,,,,,,,,,,,,,,,,
Antique Duncan Testbed,magellan_duncanMod,4,,Unique Ancient Magellan,magellan_core_hullmod,,,,TRUE,,0,0,0,0,data.hullmods.magellan_duncanMod,"This vessel was most likely modified to be an experimental testbed for military and technological theory of the day. Despite the different design priorities of the overhaul, her underlying construction remains strong and unhindered.",,"Doubles weapon and engine health, halves D-mod effects; reduces weapon turn rate. Blocks Armored Mounts.",graphics/Magellan/hullmods/magellan_duncanmod.png
Antique Anomalous Overdrive,magellan_duncanOverdriveMod,4,,Unique Ancient Magellan,,,,,TRUE,,0,0,0,0,data.hullmods.magellan_duncanOverdriveMod,"This ship has a non-modular rangekeeper targeting core, closely integrated into the ship's system. When the ship system is engaged, range is boosted considerably, though range suffers afterwards until the system can cool down. Your chief engineer also reports anomalous readings across the ship's subsystems. The full effects are not yet understood, but what is known is that time passes more quickly aboard this vessel when rigged for combat.",,"Targeting core boosting range and speed during system activation; accelerates timeflow. Blocks ITU and DTC.",graphics/Magellan/hullmods/magellan_duncanoverdrivemod.png
,,,,,,,,,,,,,,,,,,,
,,,,,,,,,,,,,,,,,,,
Flight Deck: Bastardsword (BCR),magellan_corvetteConversion,2,,Magellan,"offensive, no_drop, no_build_in, magellan_exclusive_hullmod, magellan","Special, Fighters",0,,TRUE,,0,0,0,0,data.hullmods.magellan_corvetteConversion,Reconfigures built-in Jitte bays to manufacture and launch heavy Bastardsword Corvettes. Click (uninstall) to cycle to Lochaber (BCR).,,Reconfigures built-in bays to Bastardsword Corvettes.,graphics/Magellan/hullmods/magellan_corvetteconversion.png
Flight Deck: Lochaber (BCR),magellan_bomberConversion,2,,Magellan,"offensive, no_drop, no_build_in, magellan_exclusive_hullmod, magellan","Special, Fighters",0,,TRUE,,0,0,0,0,data.hullmods.magellan_bomberConversion,Reconfigures built-in Jitte bays to manufacture and launch Lochaber Bombers. Click (uninstall) to cycle to standard Jitte (BCR).,,Reconfigures built-in bays to Lochaber Bombers.,graphics/Magellan/hullmods/magellan_bomberconversion.png
,,,,,,,,,,,,,,,,,,,
,,,,,,,,,,,,,,,,,,,
#Special Systems and Anomalies,,,,,,,,,,,,,,,,,,,
Ancient's Wrath,magellan_ancientWrath,4,,,,,,,TRUE,,0,0,0,0,data.hullmods.magellan_ancientWrath,"A wrathful presence inhabits this ship - spiteful of what bound it to this fate, but unable to disobey.",,"Anomalous vessel signature requiring zero crew.",graphics/Magellan/hullmods/magellan_ancientwrath.png
,,,,,,,,,,,,,,,,,,,
,,,,,,,,,,,,,,,,,,,
Flight Deck: Jitte (BCR),magellan_swap_bays,2,,Magellan,"magellan, magellan_exclusive_hullmod","Special, Fighters, Magellan",0,,,,0,0,0,0,data.hullmods.magellan_swap_bays,Configured to manufacture and launch standard Jitte Fighters from built-in bays. Click (uninstall) to cycle to Bastardsword (BCR).,,Reconfigures built-in bays to standard Jitte Fighters.,graphics/Magellan/hullmods/magellan_fighter_mod.png
Magellan Logistics Network,magellan_logistics_network,1,,Magellan,"logistics, magellan_exclusive_hullmod, magellan","Logistics, Magellan",2500,TRUE,,,2,4,7,10,data.hullmods.magellan_LogisticsNetwork,"Equips the vessel with automated distribution relays and telemetry links. Increases local cargo and fuel capacity by %s and reduces in-combat repair times by %s, while granting a fleet-wide reduction to monthly supplies and fuel scaling with hull size (stacks up to %s). However, non-combat cargo allocation reduces max CR by %s and increases sensor profile by %s.","Doubles local cargo and fuel capacity bonus to %s, and completely negates maximum combat readiness and sensor profile penalties.","Grants local cargo/fuel storage, repair speed, and fleet maintenance discounts; reduces max CR and sensor stealth.",graphics/Magellan/hullmods/magellan_fleetops.png

