id,rating,detection_range,type,autoXP,xpDiscover,xpSalvage,tags,drop_value,drop_random,defFaction,defQuality,probDefenders,minStr,maxStr,minSize,maxSize,probStation,stationRole
weapons_cache_magellan,0,1700,DISCOVERABLE,200,,,no_debris,,"magellan_weapons2:9,
magellan_antique_weapons:1,
magellan_hullmods:1,
any_hullmod_low:2,
weapon_bp:3,
fighter_bp:3",magellan_derelict,,,,,,,,
weapons_cache_small_magellan,0,1200,DISCOVERABLE,200,,,no_debris,,"magellan_weapons1:10,
magellan_hullmods:0.5,
any_hullmod_low:1.5,
weapon_bp:1,
fighter_bp:1",magellan_derelict,,,,,,,,
equipment_cache_magellan,0,1700,DISCOVERABLE,200,,,no_debris,machinery:4000,"magellan_hullmods:3,
any_hullmod_low:7,
ship_bp:2,
magellan_MG_package_bp:1",magellan_derelict,,,,,,,,
equipment_cache_small_magellan,0,1200,DISCOVERABLE,200,,,no_debris,machinery:1200,"magellan_hullmods:2,
any_hullmod_low:3,
ship_bp:0.5,
magellan_MG_package_bp:0.3",magellan_derelict,,,,,,,,
magellan_supplybarge_wreck,0.5,2400,DISCOVERABLE,900,2000,4000,,basic:9000,"ai_cores2:2,
ai_cores3:1,
extended:2x5000,
rare_tech_low:1",magellan_derelict,1,0.75,15,30,,3,1,derelictTurret
magellan_colonyship_wreck,0.75,3000,DISCOVERABLE,1500,4000,12000,,basic:45000,"ai_cores3:3,
extended:3x15000,
rare_tech:1",magellan_derelict,1,1,40,60,,4,1,derelictTurret
magellan_mothership_wreck,1,2700,DISCOVERABLE,2000,6000,16000,,basic:30000,"ai_cores3:5,
extended:3x20000,
magellan_antique_weapons:3,
rare_tech:2",magellan_derelict,1,1,50,75,,3,1,derelictMothership