name,id,tier,rarity,base value,range,damage/second,damage/shot,emp,impact,turn rate,OPs,ammo,ammo/sec,reload size,type,energy/shot,energy/second,chargeup,chargedown,burst size,burst delay,min spread,max spread,spread/shot,spread decay/sec,beam speed,proj speed,launch speed,flight time,proj hitpoints,autofireAccBonus,extraArcForAI,hints,tags,groupTag,tech/manufacturer,for weapon tooltip>>,primaryRoleStr,speedStr,trackingStr,turnRateStr,accuracyStr,customPrimary,customPrimaryHL,customAncillary,customAncillaryHL,noDPSInTooltip,number
#Kinetic,,,,,,,,,,,,,,,,,,,,,,,,,,,,,,,,,,,,,,,,,,,,,,,,
ER Light Autogun,magellan_sniperautogun,0,0.3,250,800,,25,,5,25,3,,,,KINETIC,25,,,1.0667,2.5,0.15,0,7,1,10,,1200,,,25,,,,"kinetic4, LR, magellan, magellan_core_bp, magellan_civ_bp, rare_bp",,Magellan,,Fire Support,,,,,,,,,,1.1
Tribarrel Autogun,magellan_smgatling,0,,400,600,,40,,5,45,5,,,,KINETIC,36,,,0.2,1.5,0.2,1,9,2,15,,1100,,,40,,,,"kinetic6, magellan, magellan_adv_bp, magellan_yellowtail_bp, rare_bp",,Magellan,,Anti Shield,,,,,,,,,,1.1
Cluster Autocannon,magellan_medgatling,1,,1200,1000,,300,,10,25,10,,,,KINETIC,300,,,2.4,1,,1,5,1,15,,900,,,100,,,,"kinetic11, magellan, magellan_core_bp, magellan_civ_bp, rare_bp",,Magellan,,Anti Shield,,,,Spread Pattern,Fires a tight cluster of between nine and twelve %s damage kinetic fragments.,30,,,,1.2
Auto Shotgun Sub,magellan_autoshotgun_sub,3,,0,275,,30,,5,0,0,,,,KINETIC,300,,,1,,,,,,,,300,,,,,,SYSTEM,,,,,,,,,,,,,,,1.5
Mag Driver,magellan_solenoidgun,3,0.5,900,800,,200,,10,20,9,,,,KINETIC,240,,,2,1,,1,4,1,10,,750,,,180,,,,"kinetic8, magellan, rare_bp, magellan_startiger, magellan_yellowtail_bp, hist2t",,Magellan,,Fire Support,,,,,Hits to armor or hull have a %s chance of spalling internally for %s extra %s damage.,25% | 50-100 | Fragmentation,,,,1.5
Solenoid Quench Gun,magellan_quenchgun,2,0.5,2000,800,,300,,20,15,12,,,,KINETIC,360,,,2,1,,1,4,1,15,,1500,,,300,,,,"kinetic14, magellan, magellan_adv_bp, magellan_blackcollar, hist3t, rare_bp",,Magellan,,Anti Shield,,,,,Hypervelocity projectiles improve the chances of a hit on fast or distant targets. Hits to armor or hull have a %s chance of spalling internally for %s extra %s damage.,25% | 150-200 | Fragmentation,,,,1.5
Mag Driver Battery,magellan_solenoidbattery,3,0.7,6800,1000,,300,,30,12,24,,,,KINETIC,333.3,,,2.1,3,0.2,1,4,1,7,,700,,,400,,,RESET_BARREL_INDEX_ON_BURST,"kinetic18, magellan, rare_bp, magellan_startiger, magellan_yellowtail_bp",,Magellan,,Fire Support,,,,,Hits to armor or hull have a %s chance of spalling internally for %s extra %s damage.,25% | 150-200 | Fragmentation,,,,1.5
Solenoid Quench Cannon,magellan_quenchcannon,3,,10800,1000,,900,,50,15,28,,,,KINETIC,1200,,,3,1,,0,2,1,10,,2000,,,900,,,SYSTEM,"kinetic24, no_sell",,Magellan,,General,,,,,Hypervelocity projectiles improve the chances of a hit on fast or distant targets. Hits to armor or hull have a %s chance of spalling internally for %s extra %s damage.,25% | 300-450 | Fragmentation,,,,1.5
,,,,,,,,,,,,,,,,,,,,,,,,,,,,,,,,,,,,,,,,,,,,,,,,
#Frag,,,,,,,,,,,,,,,,,,,,,,,,,,,,,,,,,,,,,,,,,,,,,,,,
Bonesaw Cannon,magellan_bonesaw,0,,300,600,,200,,0,75,5,,,,FRAGMENTATION,50,,,0.5,1,,0,3,1,15,,900,,,50,,,,"he6, magellan, magellan_core_bp, magellan_civ_bp, magellan_theherd, rare_bp",,Magellan,,General,,,,,,,,,,1.3
Bonecracker Riot Gun,magellan_bonecracker,1,0.5,900,450,,225,,0,30,6,4,0.6667,1,FRAGMENTATION,75,,,0.75,1,,1,5,1,5,,650,,,100,,,"PD, PD_ALSO","he9, magellan, magellan_adv_bp, rare_bp",,Magellan,,Point Defense,,,,Spread Pattern,Fires a single %s damage %s core and six %s damage %s submunitions.,75 | High Explosive | 25 | Fragmentation,,,,1.3
Bonecracker Core,magellan_bonecracker_core,3,,0,450,,75,,0,30,0,,,,HIGH_EXPLOSIVE,40,,,1,,,,,,,,650,,,60,,,SYSTEM,,,,,,,,,,,,,,,1.5
Bonecracker Sub,magellan_bonecracker_sub,3,,0,450,,25,,0,30,0,,,,FRAGMENTATION,5,,,1,,,,,,,,650,,,20,,,SYSTEM,,,,,,,,,,,,,,,1.5
Boneshaker Cannon,magellan_boneshaker,1,,1200,700,,400,,0,50,10,,,,FRAGMENTATION,100,,,0.75,2,0.25,0,5,1,15,,700,,,100,,,,"he10, magellan, magellan_adv_bp, magellan_civ_bp, rare_bp",,Magellan,,General,,,,,,,,,,1.4
Boneshaker Battery,magellan_boneshakerbattery,3,0.5,1600,700,,300,,0,40,12,,,,FRAGMENTATION,75,,,0.825,3,0.15,1,4,1,10,,800,,,75,,,,"he12, magellan, magellan_startiger, magellan_yellowtail_bp, rare_bp",,Magellan,,General,,,,,,,,,,1.4
Bonecrusher Cannon,magellan_bonecrusher,2,0.5,3200,800,,600,200,0,12,12,,,,FRAGMENTATION,200,,0.1,0.9,1,,2,8,1,10,,800,,,100,,,,"he13, magellan, magellan_antique, magellan_blackcollar, rare_bp, hist2t",,Antique,,Anti Armor,,,,,"Hits on hull or armor have a %s chance to arc to weapons and engines, dealing %s extra %s damage.",20% | 100 | Energy,,,,1.4
Bonecrusher Battery,magellan_largebonecrusher,2,,7200,900,,600,200,0,8,20,,,,FRAGMENTATION,200,,0.1,1.0333,2,0.2,1,6,1,10,,800,,,100,,,,"he18, magellan, magellan_antique, magellan_blackcollar, rare_bp, hist3t",,Antique,,Anti Armor,,,,,"Hits on hull or armor have a %s chance to arc to weapons and engines, dealing %s extra %s damage.",20% | 100 | Energy,,,,1.4
,,,,,,,,,,,,,,,,,,,,,,,,,,,,,,,,,,,,,,,,,,,,,,,,
#High Explosive,,,,,,,,,,,,,,,,,,,,,,,,,,,,,,,,,,,,,,,,,,,,,,,,
Salvo Assault Gun,magellan_salvoag,1,,600,700,,50,,25,25,4,,,,HIGH_EXPLOSIVE,50,,,1.2,3,0.15,5,15,2,5,,600,,,60,,,RESET_BARREL_INDEX_ON_BURST,"he5, magellan_core_bp, magellan_startiger, magellan_civ_bp, rare_bp",,Magellan,,General,,,,,,,,,,1.5
Revolver Cannon,magellan_revgrenade,1,0.7,1000,550,,100,,50,45,6,6,1,3,HIGH_EXPLOSIVE,100,,,0.3333,1,,3,9,3,10,,850,1000,20,200,,,,"he7, magellan_adv_bp, magellan_blackcollar, magellan_yellowtail_bp, rare_bp",,Magellan,,Anti Armor,,,,,,,,,,1.5
Beehive Cannon,magellan_beehive,0,0.5,1400,800,,400,,25,18,10,,,,HIGH_EXPLOSIVE,400,,,2.5,1,,1,7,1,10,,900,,,300,,,,"he12, magellan_core_bp, magellan_civ_bp, magellan_yellowtail_bp, rare_bp",,Magellan,,Strike,,,,Spread Pattern,Special pre-fragmented ammunition splits into a %s damage core projectile along with five %s damage submunitions.,150 | 50,,,,1.5
Beehive Core,magellan_beehive_core,3,,0,850,,150,,50,18,0,,,,HIGH_EXPLOSIVE,150,,,1,,,,,,,,900,,,,,,SYSTEM,,,,,,,,,,,,,,,1.5
Beehive Sub,magellan_beehive_sub,3,,0,850,,50,,25,18,0,,,,HIGH_EXPLOSIVE,50,,,1,,,,,,,,900,,,,,,SYSTEM,,,,,,,,,,,,,,,1.5
Burstmaster Cannon,magellan_burstmaster,1,0.3,1800,1000,,250,,75,9,13,5,0.4,2,HIGH_EXPLOSIVE,250,,,1.25,1,,1,7,2,10,,1050,,,250,,,DO_NOT_CONSERVE,"he14, LR, magellan_adv_bp, magellan_blackcollar, rare_bp",,Magellan,,Strike,,,,,,,,,,1.5
Blast Hammer Artillery,magellan_largemortar,2,,4000,1000,,1000,,100,7,20,,,,HIGH_EXPLOSIVE,1250,,0.2,4.8,1,,2,10,2,8,,500,700,30,2000,0.3,,"BOMB, DO_NOT_CONSERVE","he20, LR, magellan, magellan_startiger, rare_bp",,Magellan,,Fire Support,,,,,Projectile is %s by point defense.,vulnerable to interception,,,,8
,,,,,,,,,,,,,,,,,,,,,,,,,,,,,,,,,,,,,,,,,,,,,,,,
#PD,,,,,,,,,,,,,,,,,,,,,,,,,,,,,,,,,,,,,,,,,,,,,,,,
Light Flenser CIWS,magellan_smciws,0,,300,300,,25,,1,120,4,,,,HIGH_EXPLOSIVE,8,,,1.05,5,0.05,1,6,1,10,,1200,,,10,,,PD,"pd7, SR, magellan, magellan_core_bp, magellan_civ_bp, rare_bp",,Magellan,,Point Defense,,,,,One in four rounds is a tracer. %s of the shots reach %s of the maximum range and %s of the shots reach full range.,100% | 75% | 50%,,,,1.6
LFlenser Tracers,magellan_flenser_tracer,3,,0,325,,35,,1,1,1,,,,ENERGY,0,,,1,1,,0,0,0,0,,1200,,,10,,,SYSTEM,,,,,,,,,,,,,,,1.6
Heavy Flenser CIWS,magellan_medciws,1,,1200,450,,50,,1,60,10,,,,HIGH_EXPLOSIVE,25,,,1.17,5,0.07,2,8,1,10,,1100,,,10,,,"PD, PD_ALSO","pd11, SR, magellan, magellan_core_bp, magellan_blackcollar, rare_bp",,Magellan,,Point Defense,,,,,One in four rounds is a tracer. %s of the shots reach %s of the maximum range and %s of the shots reach full range.,100% | 75% | 50%,,,,1.7
HFlenser Tracers,magellan_grinder_tracer,3,,0,475,,75,,1,1,1,,,,ENERGY,0,,,1,1,,0,0,0,0,,1100,,,10,,,SYSTEM,,,,,,,,,,,,,,,1.6
PD Maser,magellan_smpdmaser,1,,750,400,300,,,0,120,6,,,,FRAGMENTATION,,100,,0.3,0.3,0.3,,,,,10000,,,,,,,"PD, PD_ONLY, ANTI_FTR","pd9, beam6, magellan, magellan_adv_bp, magellan_civ_bp, magellan_blackcollar, magellan_startiger, magellan_yellowtail_bp, rare_bp",,Magellan,,Point Defense,,,,,,,,,,1.9
Heavy PD Maser,magellan_medpdmaser,1,0.5,3000,500,600,,,0,90,10,,,,FRAGMENTATION,,200,,0.4,0.4,0.4,,,,,10000,,,,,,,"PD, PD_ONLY, ANTI_FTR, IGNORES_FLARES","pd15, beam10, magellan, magellan_adv_bp, magellan_startiger, magellan_yellowtail_bp, rare_bp",,Magellan,,Point Defense,,,,,Advanced built-in targeting sensors enable the weapon to identify decoy flares and not fire on them.,decoy flares,,,,2.0
,,,,,,,,,,,,,,,,,,,,,,,,,,,,,,,,,,,,,,,,,,,,,,,,
#Missiles,,,,,,,,,,,,,,,,,,,,,,,,,,,,,,,,,,,,,,,,,,,,,,,,
Chasefire AFM,magellan_crackerafm,0,,500,1000,,200,200,20,24,4,24,0.2,4,FRAGMENTATION,,,,3.85,2,0.15,4,12,1,15,,425,175,5,150,,,"ANTI_FTR, DO_NOT_CONSERVE, GROUP_LINKED, DO_NOT_AIM","missile5, SR, magellan_core_bp, magellan_civ_bp, magellan_theherd, magellan_yellowtail_bp, rare_bp",,Magellan,,Anti-fighter,Medium,Good,,,,,,,,2.1
Foxfire Rocket Launcher,magellan_calliope_sm,1,,750,1600,,100,,25,9,5,24,0.2,12,KINETIC,,,,9.25,6,0.15,4,12,1,15,,900,150,3.5,100,,,"GROUP_LINKED, GUIDED_POOR, DO_NOT_CONSERVE, STRIKE, USE_VS_FRIGATES, MISSILE_SPREAD","utility9, missile5, magellan, magellan_core_bp, magellan_civ_bp, magellan_yellowtail_bp, rare_bp",magellan_foxfire_only,Magellan,,Fire Support,Very Fast,Good,,,"Dumbfire missiles orient on launch, but do not continue tracking their targets.",,,,,2.1
Foxfire Rocket Battery,magellan_calliope,2,,3000,1600,,100,,25,6,12,72,0.4,24,KINETIC,,,,10.68,12,0.12,4,12,1,15,,900,150,3.5,100,,,"GROUP_LINKED, GUIDED_POOR, DO_NOT_CONSERVE, STRIKE, USE_VS_FRIGATES, MISSILE_SPREAD","utility14, missile9, magellan, magellan_adv_bp, rare_bp",magellan_foxfire_only,Magellan,,Fire Support,Very Fast,Good,,,"Dumbfire missiles orient on launch, but do not continue tracking their targets.",,,,,2.1
Flashfire Rocket Barrage,magellan_LKmissile_pod,2,,6400,2000,,200,,40,4,20,90,0.375,30,KINETIC,,,,12.9,15,0.15,2,8,2,10,,800,100,5,175,,,"GROUP_LINKED, GUIDED_POOR, DO_NOT_CONSERVE, STRIKE, USE_VS_FRIGATES, MISSILE_SPREAD","utility18, missile12, magellan, rare_bp",magellan_foxfire_only,Magellan,,Fire Support,Fast,Good,,,"Hits on hull or armor raise the target's soft flux by %s. Dumbfire missiles orient on launch, but do not continue tracking their targets.",200,,,,2.1
Ripfire SRM Launcher,magellan_ripfiresrm,0,,600,1200,,150,,10,12,4,30,,,HIGH_EXPLOSIVE,,,,5.8,5,0.15,3,10,2,12,,500,120,7,100,,,"DO_NOT_AIM, MISSILE_SPREAD, DIRECT_AIM, GROUP_LINKED","strike9, missile4, magellan, magellan_core_bp, magellan_civ_bp, rare_bp",,Magellan,,Strike,Fast,Good,,,Volatile micro-warheads do %s additional damage to armor. This damage is not reduced by armor.,150,,,TRUE,2.1
Ripfire SRM Battery,magellan_ripfiresrmpod,1,,2400,1200,,150,,10,8,10,80,,,HIGH_EXPLOSIVE,,,,7.1,10,0.1,5,15,2,12,,500,120,7,100,,,"DO_NOT_AIM, MISSILE_SPREAD, DIRECT_AIM, GROUP_LINKED","strike14, missile10, magellan, magellan_adv_bp, rare_bp",,Magellan,,Strike,Fast,Good,,,Volatile micro-warheads do %s additional damage to armor. This damage is not reduced by armor.,150,,,TRUE,2.1
Rendfire SRM System,magellan_rendfiresrmpod,1,,5000,1500,,300,,20,6,18,120,,,HIGH_EXPLOSIVE,,,,15.2,15,0.2,3,10,1,7,,600,50,10,130,,,"STRIKE, DO_NOT_AIM, MISSILE_SPREAD, DIRECT_AIM, GROUP_LINKED","strike18, missile14, magellan, rare_bp",,Magellan,,Strike,Fast,Good,,,Volatile warheads have %s/%s chances to do %s/%s additional damage to armor. This damage is not reduced by armor.,40% | 60% | 100 | 200,,,TRUE,2.1
Slamfire Torpedo Rack,magellan_slamfire_rack,0,,250,1200,,1200,,30,10,3,2,,,HIGH_EXPLOSIVE,0,,,1,1,,0,2,2,5,,750,250,3,350,,,STRIKE,"strike7, rocket3, magellan, magellan_core_bp, rare_bp",,Magellan,,Torpedo,Fast,None,,,Volatile warheads do %s additional damage to armor. This damage is not reduced by armor.,300,,,TRUE,9.8
Slamfire Torpedo (Single),magellan_slamfire_single,0,,150,1200,,1200,,30,10,1,1,,,HIGH_EXPLOSIVE,0,,,3,1,,0,2,2,5,,750,250,3,350,,,STRIKE,"strike5, rocket1, magellan_civ, magellan_civ_bp, rare_bp",,Magellan,,Torpedo,Fast,None,,,Volatile warheads do %s additional damage to armor. This damage is not reduced by armor.,300,,,TRUE,9.9
Longfire TBM-L Pod,magellan_stratLRM_launcher,0,0.5,1000,4000,,800,,15,12,8,20,0.075,4,FRAGMENTATION,,,,19.5333,4,0.6,12,16,1,5,,250,175,25,200,,,"STRIKE, USE_VS_FRIGATES, GROUP_LINKED, DO_NOT_AIM, DIRECT_AIM, DO_NOT_CONSERVE","utility12, missile8, magellan, magellan_core_bp, magellan_civ_bp, magellan_yellowtail_bp, rare_bp",magellan_SBMonly,Magellan,,Bombardment,Very Slow,Poor,,,Massive warheads deal an extra %s of their base damage to armor on direct hits. This damage is not reduced by armor.,25%,The missile enters a dumbfire sprint mode %s from the target.,1000su,,2.1
Longfire TBM-H Catapult,magellan_stratLRM_catapult,1,0.5,3000,4000,,1600,,50,8,16,12,0.0625,2,FRAGMENTATION,,,,9.8667,2,0.8,8,12,2,5,,200,125,30,500,,,"STRIKE, GROUP_LINKED, DO_NOT_AIM, DIRECT_AIM, DO_NOT_CONSERVE","utility18, missile12, magellan, magellan_adv_bp, magellan_yellowtail_bp, rare_bp",magellan_SBMonly,Magellan,,Bombardment,Slow,Very Poor,,,Massive warheads deal an extra %s of their base damage to armor on direct hits. This damage is not reduced by armor.,25%,The missile enters a dumbfire sprint mode %s from the target.,1500su,,2.1
Balefire MRM Tube,magellan_balefiremrm_tube,1,0.5,1250,2000,,600,,25,15,5,6,,,ENERGY,100,,,10,1,,1,4,2,15,,400,100,6,275,,,"DO_NOT_AIM, GROUP_ALTERNATING, DO_NOT_CONSERVE","utility5, missile6, magellan, magellan_adv_bp, rare_bp",,Magellan,,Fire Support,Medium,Good,,,Unstable fusion warheads do %s extra %s damage on hits to armor or hull.,150-300 | Energy,,,TRUE,2.1
Balefire MRM Pod,magellan_balefiremrm_pod,2,,5000,2000,,400,,25,10,12,30,,,ENERGY,50,,,14,3,0.5,2,8,2,10,,400,100,6,225,,,"DO_NOT_AIM, GROUP_ALTERNATING, DO_NOT_CONSERVE","utility12, missile10, magellan, magellan_adv_bp, rare_bp",,Magellan,,Fire Support,Medium,Good,,,Unstable fusion warheads do %s extra %s damage on hits to armor or hull.,100-200 | Energy,,,TRUE,2.1
Balefire MRM Battery,magellan_balefiremrm_battery,3,,10000,2000,,400,,25,8,24,60,,,ENERGY,50,,,17.5,6,0.5,4,12,2,10,,400,100,6,225,,,"DO_NOT_AIM, GROUP_ALTERNATING, DO_NOT_CONSERVE","utility18, missile16, magellan, magellan_adv_bp, rare_bp",,Magellan,,Fire Support,Medium,Good,,,Unstable fusion warheads do %s extra %s damage on hits to armor or hull.,100-200 | Energy,,,TRUE,2.1
Fusion Bomb Launcher,magellan_hvyfusionbomb_pod,2,,3000,1000,,2000,,50,12,10,8,0.03333,1,ENERGY,500,,,10,1,0,0,0,0,0,,300,400,4.5,1000,0.25,,STRIKE,"strike13, rocket10, magellan, magellan_adv_bp, archaic_c, rare_bp",,Magellan,,Strike,Slow,None,,,Projectile can be %s by point defense systems.,intercepted,%s: does not benefit from ballistic or missile bonuses.,Archaic,,2.1
Fusion Bomb Barrage,magellan_hvyfusionbomb_barrage,3,,7500,1000,,500,,15,8,20,120,0.4,12,ENERGY,125,,,14.35,6,0.15,12,30,2,5,,300,400,5.25,250,0.2,,"STRIKE, USE_VS_FRIGATES","strike19, rocket15, magellan, rare_bp, archaic_c",,Magellan,,Strike,Slow,None,,Spread Pattern,Projectile can be %s by point defense systems.,intercepted,%s: does not benefit from ballistic or missile bonuses.,Archaic,,2.1
Witchfire ASM Launcher,magellan_witchfire_s,3,0.5,5000,4000,,1000,,100,10,12,2,0.03333,1,KINETIC,,,,15,1,,,,,,,250,100,30,500,,,"DO_NOT_AIM, MISSILE_SPREAD, DIRECT_AIM, DO_NOT_CONSERVE","missile12, magellan, magellan_adv_bp, rare_bp",,Magellan,,Anti Shield,Very Slow,Very Poor,,,"After a %s arming sequence, missile will accelerate to tremendous speed upon nearing the target.",3 second,,,TRUE,2.1
Witchfire ASM Battery,magellan_witchfire_l,3,0.5,10000,4000,,1000,,100,8,24,4,0.06666,2,KINETIC,,,,14.5,2,0.5,,,,,,250,100,30,500,,,"DO_NOT_AIM, MISSILE_SPREAD, DIRECT_AIM, DO_NOT_CONSERVE","missile18, magellan, magellan_adv_bp, rare_bp",,Magellan,,Anti Shield,Very Slow,Very Poor,,,"After a %s arming sequence, missile will accelerate to tremendous speed upon nearing the target.",3 second,,,TRUE,2.1
,,,,,,,,,,,,,,,,,,,,,,,,,,,,,,,,,,,,,,,,,,,,,,,,
#Energy,,,,,,,,,,,,,,,,,,,,,,,,,,,,,,,,,,,,,,,,,,,,,,,,
Authority Heavy Maser,magellan_maser,3,0.3,10000,1000,1000,,500,0,15,22,,,,FRAGMENTATION,,300,0.1,0.1,,,,,,,30000,,,,,,,,"beam15, energy15, magellan, magellan_adv_bp, magellan_blackcollar, magellan_startiger, rare_bp",,Magellan,,Fire Support,,,,,"Hits on hull or armor periodically arc to weapons and engines, dealing %s additional EMP damage.",200%,,,,24.1
Combat Burst Laser,magellan_cbeam,1,,1500,1000,429,,,0,15,10,,,,ENERGY,,444,0.1,0.4,0.8,0.3,,,,,30000,,,,,,,,"beam12, magellan, magellan_civ, magellan_civ_bp, rare_bp",,Magellan,,General,,,,,,,,,,80
Micro Burst Laser,magellan_smpulse_laser,1,,450,800,225.7,,,0,20,4,,,,ENERGY,,240,0.1,0.4,0.4,0.3,,,,,30000,,,,,,,,"beam9, magellan, magellan_civ, magellan_civ_bp, rare_bp",,Magellan,,General,,,,,,,,,,80
Electron Bomb Pod,magellan_electrontorp,2,0.7,1000,400,,400,1200,0,30,7,3,0.1,1,ENERGY,600,,0.2,4.8,,,0,0,0,0,,450,,,100,,,"STRIKE, USE_VS_FRIGATES, GROUP_ALTERNATING","strike8, magellan, rare_bp, magellan_yellowtail_bp",SR_strike_only,Magellan,,Strike,,,,,"Hits on hull or armor will %s, dealing extra damage equal to %s of the original hit.",arc to multiple weapons and engines | 20%,,,,19.75
Twin Electron Bomb,magellan_dualelectrontorp,3,0.7,2400,500,,300,800,0,30,14,8,0.1,2,ENERGY,450,,0.3,5.52,2,0.18,0,4,2,10,,450,,,100,,,"STRIKE, USE_VS_FRIGATES, GROUP_ALTERNATING","strike15, magellan, rare_bp, magellan_yellowtail_bp",SR_strike_only,Magellan,,Strike,,,,,"Hits on hull or armor will %s, dealing extra damage equal to %s of the original hit.",arc to multiple weapons and engines | 20%,,,,19.75
Light Fusion Torch,magellan_smhetlaser,1,0.7,900,500,,50,,0,15,7,400,,,HIGH_EXPLOSIVE,25,,0.1,4.9,5,0.05,0,0,0,0,,500,,,,,,,"energy9, strike7, SR, magellan, magellan_adv_bp, magellan_blackcollar, magellan_startiger, rare_bp",,Magellan,,Anti Armor,,,,,,,,,,20
Heavy Fusion Torch,magellan_medhetlaser,2,0.3,2000,600,,100,,0,15,12,400,,,HIGH_EXPLOSIVE,50,,0.1,4.9,5,0.05,0,0,0,0,,600,,,,,,,"energy14, strike10, SR, magellan, magellan_startiger, rare_bp",,Magellan,,Anti Armor,,,,,,,,,,20
Modular Fusion Cannon,magellan_mfc,3,0.3,10000,800,,400,,0,8,25,6,0.5,3,ENERGY,600,,0.2,2,1.5,0.4,2,8,1.5,10,,800,,,,,,"STRIKE, USE_VS_FRIGATES","energy20, strike20, magellan, magellan_adv_bp, magellan_blackcollar, magellan_startiger, rare_bp",,Magellan,,Strike,,,,,Unstable fusion bolts do %s extra %s damage on hits to armor or hull.,100-200 | Energy,,,,25
,,,,,,,,,,,,,,,,,,,,,,,,,,,,,,,,,,,,,,,,,,,,,,,,
#Built-in,,,,,,,,,,,,,,,,,,,,,,,,,,,,,,,,,,,,,,,,,,,,,,,,
Linked Flak,magellan_linkflak,3,,500,500,,100,,4,30,5,,,,FRAGMENTATION,25,,,1.25,1,,0.15,0.75,0.15,15,,900,,,100,,,"PD, PD_ONLY, SYSTEM","he3, pd7",,Magellan,,Point Defense,,,,,,,,,,1.8
Electron Charge PD,magellan_triflak,3,,1250,700,,120,,4,40,7,,,,ENERGY,100,,,0.75,1,,2,6,2,6,,500,750,15,360,,,"BOMB, PD, PD_ONLY, SYSTEM","energy5, pd8",,Magellan,,Point Defense,,,,,Chaff rounds %s for a short time after detonation.,decoy missiles,,,,1.8
Charge Launcher,magellan_flakcharge,0,,800,500,,75,,50,45,4,,,,HIGH_EXPLOSIVE,60,,,0.75,1,,3,9,3,10,,500,750,10,200,,,SYSTEM,he7,,Magellan,,Anti Armor,,,,,,,,,,1.5
Stormfire MRM-C Launcher,magellan_clusterlrm_builtin,3,,3000,2500,,750,,25,0,25,40,0.1667,4,HIGH_EXPLOSIVE,0,,,11.3,4,0.5,2,10,2,10,,325,100,25,225,,,"DO_NOT_CONSERVE, DO_NOT_AIM, SYSTEM",missile15,,Magellan,,Fire Support,Medium,Good,,,Submunitions each do %s additional damage to armor. This damage is not reduced by armor.,150,,,TRUE,2.1
Balefire MRM Launcher,magellan_cruiserlrm_builtin,0,,5000,2000,,600,,25,0,25,32,0.1,4,ENERGY,100,,,14.5,4,0.5,2,10,2,10,,400,100,12.5,275,,,"DO_NOT_CONSERVE, DO_NOT_AIM, SYSTEM, SYSTEM",missile16,,Magellan,,Fire Support,Medium,Good,,,Unstable fusion warheads do %s extra %s damage on hits to armor or hull.,150-300 | Energy,,,TRUE,2.1
Heavy Fusion Cannon,magellan_scatterblaster,3,,4000,700,,600,,0,15,15,,,,ENERGY,900,,0.1,1.4,1,,1,5,2,10,,750,,,,,,SYSTEM,energy20,,Magellan,,Strike,,,,,Unstable fusion bolts do %s extra %s damage on hits to armor or hull.,150-300 | Energy,,,,4.75
Triple Fusion Cannon,magellan_trinitycannon,3,,10000,800,,400,,0,8,30,,,,ENERGY,600,,0.2,2,1.5,0.4,2,8,1.5,10,,800,,,,,,"STRIKE, USE_VS_FRIGATES, SYSTEM",energy20,,Magellan,,Strike,,,,,Unstable fusion bolts do %s extra %s damage on hits to armor or hull.,100-200 | Energy,,,,4.75
Heavy Electron Lance,magellan_bursttpc,3,,7500,1200,1200.5,,400,0,7,20,,,,ENERGY,,1714,0.2,2.4,0.6,2.2,,,,,30000,,,,,,,SYSTEM,"energy20, beam10",,Magellan,,General,,,,,,,,,,20
,,,,,,,,,,,,,,,,,,,,,,,,,,,,,,,,,,,,,,,,,,,,,,,,
#Fighter built-in,,,,,,,,,,,,,,,,,,,,,,,,,,,,,,,,,,,,,,,,,,,,,,,,
Light Flenser Pod,magellan_smciws_ftr,3,,300,350,,25,,1,75,2,,,,HIGH_EXPLOSIVE,8,,,0.55,1,0.05,2,7,1,10,,1100,,,10,,,"PD, SYSTEM","pd7, SR",,Magellan,,Point Defense,,,,,One in four rounds is a tracer. %s of the shots reach %s of the maximum range and %s of the shots reach full range.,100% | 50% | 50%,,,,1.6
Heavy Flenser Pod,magellan_medciws_ftr,0,,1200,450,,50,,1,60,10,,,,HIGH_EXPLOSIVE,25,,,0.73,6,0.07,4,12,2,10,,1100,,,10,,,"PD, PD_ALSO, SYSTEM, SYSTEM","pd11, SR",,Magellan,,Point Defense,,,,,One in four rounds is a tracer. %s of the shots reach %s of the maximum range and %s of the shots reach full range.,100% | 50% | 50%,,,,1.7
Mini PD Maser,magellan_dronemaser,0,,500,500,75,,100,0,105,4,,,,FRAGMENTATION,,25,0.1,0.1,,,,,,,10000,,,,,,,"PD, SYSTEM, SYSTEM","pd7, beam4",,Magellan,,Point Defense,,,,,,,,,,1.9
Targeting Laser,magellan_targetingbeam,0,,2000,1200,1,,,0,30,5,,,,ENERGY,,1,0.1,0.1,,,,,,,40000,,,,,,,SYSTEM,"energy0, beam0",,,,Targeting,,,,,Paints targets for the ship's missiles.,,,,,1.9
Ripfire SRM Bay,magellan_ripfireftr,0,,600,800,,150,,10,4,2,9,,,HIGH_EXPLOSIVE,0,,,4.9,3,0.05,0,0,0,0,,500,100,5,100,,,"DO_NOT_AIM, MISSILE_SPREAD, DIRECT_AIM, GROUP_LINKED, SYSTEM","strike9, missile4",,Magellan,,Strike,Fast,Good,,,Volatile micro-warheads do %s additional damage to armor. This damage is not reduced by armor.,150,,,TRUE,2.1
Electron Microbolter,magellan_ebolter_ftr,0,,300,400,,35,,1,75,9,,,,ENERGY,20,,,0.325,1.5,0.1,0,0,0,0,,1600,,,45,,,SYSTEM,energy12,,Magellan,,General,,,,,,,,,,1.3
Electron Bomb Bay,magellan_electrontorp_ftr,0,,1000,500,,300,400,0,30,8,2,,,ENERGY,0,,,0.65,1,0.35,1,4,4,5,,350,,,100,,,"STRIKE, USE_VS_FRIGATES, GROUP_LINKED, SYSTEM, SYSTEM",strike10,SR_strike_only,Magellan,,Strike,,,,,,,,,,19.75
Light Fusion Lance,magellan_minifusion_lance,1,,1500,600,900,,,0,45,8,,,,ENERGY,,900,0.25,0.5,1,3.87,,,,,30000,,,,,,,SYSTEM,"energy12, beam8",,Magellan,,General,,,,,,,,,,20
Bonechipper,magellan_bonesaw_ftr,0,,300,450,,120,,1,75,3,,,,FRAGMENTATION,30,,,0.6,2.5,0.1,1,6,1,20,,950,,,45,,,SYSTEM,he7,,Magellan,,General,,,,,,,,,,1.3
Bonechip Flak,magellan_boneshaker_ftr,0,,300,600,,120,,1,60,10,,,,FRAGMENTATION,30,,,0.4,1,,2,8,1,15,,800,,,45,,,"PD, PD_ALSO, SYSTEM, SYSTEM","he11, pd",,Magellan,,General,,,,,,,,,,1.3
Chasefire AFM Rack,magellan_crackerftrsingle,0,,500,750,,200,200,50,0,2,2,0.12,1,FRAGMENTATION,0,,,2,1,,0,0,0,0,,425,175,3.5,150,,,"ANTI_FTR, DO_NOT_CONSERVE, DO_NOT_AIM, SYSTEM, SYSTEM",missile3,,Magellan,,Anti-fighter,Medium,Good,,,,,,,TRUE,2.1
Chasefire AFM Bay,magellan_crackerftr,0,,500,750,,200,200,50,0,3,4,0.3,2,FRAGMENTATION,0,,,2,1,,0,0,0,0,,425,175,3.5,150,,,"ANTI_FTR, DO_NOT_CONSERVE, DO_NOT_AIM, SYSTEM, SYSTEM",missile4,,Magellan,,Anti-fighter,Medium,Good,,,,,,,TRUE,2.1
Chasefire AFM Bay (Double),magellan_crackerftrdouble,0,,500,750,,200,200,50,0,4,8,0.3,4,FRAGMENTATION,0,,,2.38,2,0.12,0,0,0,0,,425,175,3.5,150,,,"ANTI_FTR, DO_NOT_CONSERVE, DO_NOT_AIM, SYSTEM, SYSTEM",missile5,,Magellan,,Anti-fighter,Medium,Good,,,,,,,TRUE,2.1
Balefire MRM Pod,magellan_balefiremrm_ftr,0,,2500,2000,,400,,25,10,6,6,,,ENERGY,0,,,6,1,,2,8,2,10,,400,100,6,225,,,"SYSTEM, DO_NOT_AIM, GROUP_ALTERNATING, DO_NOT_CONSERVE","utility9, missile5",,Magellan,,Fire Support,Medium,Good,,,Unstable fusion warheads do %s extra %s damage on hits to armor or hull.,100-200 | Energy,,,,2.1
,,,,,,,,,,,,,,,,,,,,,,,,,,,,,,,,,,,,,,,,,,,,,,,,
#Leveller Weapons,,,,,,,,,,,,,,,,,,,,,,,,,,,,,,,,,,,,,,,,,,,,,,,,
Light Electron Lance,magellan_electrolance_med,3,,3000,1200,600,,200,0,12,12,,,,ENERGY,,857,0.15,1.8,0.9,1.65,,,,,30000,,,,,,,SYSTEM,"energy20, beam10",,Leveller,,General,,,,,,,,,,20
Heavy Electron Bolter,magellan_ebolter,3,0.3,1500,500,,75,200,0,30,7,,,,ENERGY,100,,0.1,0.5,1,,0,3,1,15,,1000,,,,,,,"energy10, LR, leveller, magellan_levellercore_bp, rare_bp",,Leveller,,General,,,,,"Hits on hull or armor have a %s chance to %s, dealing extra damage equal to the original hit.",30% | arc to weapons and engines,,,,19.25
Spreadfire Bolter,magellan_eflak,3,0.6,900,300,,50,100,0,120,6,12,2,3,FRAGMENTATION,30,,0.1,0.4,1,,1,6,1,12,,700,,,,,,"PD, PD_ALSO","energy8, pd10, leveller, magellan_levellercore_bp, rare_bp",,Leveller,,Point Defense,,,,Spread Pattern,,,,,,19.25
Diffusion Gun,magellan_diffusiongun,0,0.5,1200,600,,120,,5,40,5,,,,FRAGMENTATION,30,,0.1,0.5,1.5,0.15,0,0,0,0,,1200,,,,,,SYSTEM,"energy9, leveller, magellan_levellercore_bp, rare_bp",,Leveller,,General,,,,,,,,,,20
Diffusion Pulser,magellan_diffusionlaser,3,0.5,3000,700,,200,,5,25,10,30,2,5,FRAGMENTATION,50,,0.1333,0.0333,1,,0,0,0,0,,1500,,,,,,,"energy15, leveller, magellan_levellercore_bp, rare_bp",,Leveller,,General,,,,,,,,,,20
Diffusion Heavy Repeater,magellan_diffusionheavy,3,0.5,7500,800,,200,,5,15,25,,,,FRAGMENTATION,50,,0.1,0.025,1,,0,0,0,0,,1500,,,,,,,"energy18, leveller, magellan_levellercore_bp, rare_bp",,Leveller,,General,,,,,,,,,,20
Stunfire Missile Pod,magellan_stunfire_rack,2,0.3,400,1500,,350,,30,10,4,10,,,HIGH_EXPLOSIVE,0,,0.1,5.75,2,0.15,4,8,2,5,,800,100,8,200,,,GUIDED_POOR,"strike5, missile4, leveller, magellan_levellercore_bp, rare_bp",,Leveller,,Anti Armor,Fast,Good,,,Shaped-charge warheads have %s/%s/%s chances to do %s/%s/%s additional damage to armor. This damage is not reduced by armor.,20% | 60% | 20% | 50 | 100 | 150,,,TRUE,9.8
Shockfire Needle Battery,magellan_electromissile_pod,3,0.3,4000,2000,,300,200,50,12,12,48,,,HIGH_EXPLOSIVE,,,,10.95,8,0.15,5,15,3,15,,600,150,12,200,,,"DO_NOT_AIM, GROUP_LINKED","strike13, missile9, leveller, magellan_levellercore_bp, rare_bp",,Leveller,,Strike,Fast,Excellent,,,"Hits on hull or armor will %s, dealing extra damage equal to %s of the original hit.",arc to weapons and engines | 25%,,,TRUE,2.1
,,,,,,,,,,,,,,,,,,,,,,,,,,,,,,,,,,,,,,,,,,,,,,,,
Arcfire AMM,magellan_emissile_ftr,3,,800,1200,,100,400,50,0,3,5,0.0333,1,FRAGMENTATION,,,,6,1,,0,0,0,0,,325,25,10,125,,,"GROUP_LINKED, DO_NOT_CONSERVE, DO_NOT_AIM, SYSTEM","utility6, missile4",,Leveller,,Support,Fast,Good,,,"Hits on hull or armor will %s, dealing extra damage equal to %s of the original hit.",arc to weapons and engines | 25%,,,TRUE,2.1
Stunfire Missiles,magellan_stunfire_ftr,0,,400,1200,,350,,30,10,4,3,,,HIGH_EXPLOSIVE,0,,,2.7,3,0.15,4,8,2,5,,600,50,8,200,,,"GUIDED_POOR, SYSTEM, SYSTEM","strike5, missile4",,Leveller,,Anti Armor,Fast,Good,,,Shaped-charge warheads have %s/%s/%s chances to do %s/%s/%s additional damage to armor. This damage is not reduced by armor.,20% | 60% | 20% | 50 | 100 | 150,,,TRUE,9.8
,,,,,,,,,,,,,,,,,,,,,,,,,,,,,,,,,,,,,,,,,,,,,,,,
#Antique Weapons,,,,,,,,,,,,,,,,,,,,,,,,,,,,,,,,,,,,,,,,,,,,,,,,
Converging Beam Laser,magellan_tribeamlaser,2,,1500,800,600,,,0,30,9,,,,ENERGY,,300,1.5,0.3,0.9,1.8,,,,,7200,,,,,,,,"beam13, magellan_civ, magellan_antique, hist2t, MG_BEAM_NEGATIVE_CONVERGE_OFFSET",,Antique,,Close Support,,,,,"Fully-charged beam %s on hull or armor, dealing %s extra %s damage.",deflagrates | 300 | High Explosive,Multiple beams will %s to full power.,converge as the weapon charges,,82
Electra CIWS,magellan_laservulcan,2,0.5,600,300,,20,,0,300,5,,,,FRAGMENTATION,5,,,0.1,2,0.1,0,6,1,15,,1200,,,,,,"PD,IGNORES_FLARES","energy7,pd7,SR,magellan_antique,hist1t",,Antique,,Point Defense,,,,,,,,,,19.25
Electron Charge PD,magellan_ioncharge,1,,1000,600,,100,400,50,50,5,4,0.75,2,ENERGY,100,,,0.6667,1,,2,6,2,5,,400,600,18,300,,,"BOMB, PD","energy5, pd6, magellan_antique, hist2t",,Antique,,Point Defense,,,,,Electrostatic-explosive rounds %s for a short time after detonation.,decoy missiles,,,,1.8
Wishbone Electrostat Gun,magellan_edefensor,3,0.3,800,800,,200,,0,60,6,,,,FRAGMENTATION,50,,0.1,0.4,1,,1,4,1,10,,2000,,,120,,,,"he5,magellan_antique,hist1t",,Antique,,General,,,,,Hypervelocity projectiles improve the chances of a hit on fast or distant targets.,,,,,1.3
Scramfire LRBM Launcher,magellan_cruisemissile_launcher,2,,1500,4000,,400,,50,12,10,24,0.125,6,HIGH_EXPLOSIVE,,,,10.8,3,0.6,12,20,4,5,,200,125,30,300,,,"STRIKE, USE_VS_FRIGATES, GROUP_LINKED, DO_NOT_AIM, DIRECT_AIM, CONSERVE_1","missile9, he8, LR, magellan_antique, magellan_derelict, hist2t",,Antique,,Fire Support,Medium,Good,,,,,The missile enters a dumbfire sprint mode %s from the target.,1200su,,2.1
Light Bonegrinder Chaingun,magellan_bonegrinder,2,0.5,1500,700,,75,,1,150,10,200,5.3333,20,FRAGMENTATION,15,,,0.075,5,0.075,1,10,0.5,15,,1500,,,50,0.2,,"PD,IGNORES_FLARES,NO_TURN_RATE_BOOST_WHEN_IDLE","he9,thumpus2t,magellan_antique,magellan_startiger",,Antique,,Point Defense,,,,,One in four rounds is a tracer.,,,,,1.4
Light Bonegrinder Tracers,magellan_bonegrinder_tracer,3,,0,700,,50,,1,0,0,,,,ENERGY,0,,,0.1,1,,0,0,0,0,,1500,,,50,,,SYSTEM,"no_sell, no_drop",,,,Point Defense,,,,,,,,,,1.4
Heavy Bonegrinder Chaingun,magellan_bonegrinder_hvy,3,0.3,4000,900,,300,,3,90,20,120,3.3333,10,FRAGMENTATION,75,,,0.1,2.5,0.1,0,5,1,10,,1350,,,150,0.3,,"PD,PD_ALSO,NO_TURN_RATE_BOOST_WHEN_IDLE","he18,thumpus3t,magellan_antique,magellan_startiger",,Antique,,General,,,,,One in three rounds is a tracer.,,,,,1.5
Heavy Bonegrinder Tracers,magellan_bonegrinder_hvy_tracer,3,,0,900,,150,,3,0,0,,,,ENERGY,0,,,0.1,1,,0,0,0,0,,1350,,,150,,,SYSTEM,"no_sell, no_drop",,,,General,,,,,,,,,,1.5
Silverdart ESD Gun,magellan_silverdart,3,0.1,2000,600,,50,,5,30,7,,,,KINETIC,60,,,0.853,2,0.16,2,8,1,15,,1000,,,50,,,,"kinetic9,magellan_antique,magellan_blackcollar",,Antique,,Anti Shield,,,,,Hits on hull or armor raise the target's hard flux by %s. One in every %s deliver %s damage and EMP instead.,25-50 | 4 to 8 rounds | Energy,,,,1.1
Silverdart EMP,magellan_silverdart_emp,3,,0,600,,50,200,4,30,7,,,,ENERGY,60,,,1,1,,0,0,0,0,,1000,,,50,,,SYSTEM,,,,,,,,,,,,,,,1.1
Silverbolt Autocannon,magellan_medautocannon,3,0.05,6000,800,,150,,5,30,12,,,,KINETIC,180,,,1.2,2,0.3,1,7,2,10,,1200,,,150,,,,"kinetic12,magellan_antique,magellan_blackcollar,hist2t",,Antique,,Anti Shield,,,,,Hits on hull or armor raise the target's hard flux by %s.,75-125,,,,1.2
Magnetic Hypercannon,magellan_supersolenoid,3,,12000,1000,,1000,400,30,20,30,,,,KINETIC,1800,,0.8,2.5333,1,,0,0,0,0,,1800,,,900,0.25,,NO_TURN_RATE_BOOST_WHEN_IDLE,"kinetic27, LR, no_sell, no_drop, restricted",,Antique,,General,,,,,"Hits on hull or armor raise the target's soft flux by %s, and additionally %s, dealing extra damage equal to %s of the original hit.",600 | arc to weapons and engines | 20%,,,,1.5
,,,,,,,,,,,,,,,,,,,,,,,,,,,,,,,,,,,,,,,,,,,,,,,,
#Antique Built-ins,,,,,,,,,,,,,,,,,,,,,,,,,,,,,,,,,,,,,,,,,,,,,,,,
Burst Machine Gun,magellan_emg_ftr,3,,200,350,,40,,1,75,4,,,,KINETIC,8,,,0.5,2,0.1,1,4,1,20,,1350,,,30,,,"PD, PD_ALSO, SYSTEM",kinetic5,,Antique,,General,,,,,High-velocity projectiles improve the chances of a hit on fast targets.,,,,,1.3
Twin Machine Gun,magellan_estat_ftr,0,,400,400,,30,,1,60,6,,,,KINETIC,6,,,0.1,2,0.1,1,4,1,20,,1350,,,30,,,"PD, PD_ALSO, SYSTEM, SYSTEM",kinetic9,,Antique,,General,,,,,High-velocity projectiles improve the chances of a hit on fast targets.,,,,,1.3
Spark AMM Bay,magellan_smartafm_bay,3,,1200,600,,150,,50,0,3,6,0.2,2,HIGH_EXPLOSIVE,0,,,2,1,,0,0,0,0,,480,120,5,200,,,"ANTI_FTR, DO_NOT_CONSERVE, DO_NOT_AIM, DIRECT_AIM, SYSTEM",missile6,,Antique,,Anti-fighter,Medium,Good,,,,,,,TRUE,2.1
Heavy Bomb Bay,magellan_dumbbombs,0,,1500,1200,,1000,,25,30,10,3,,,HIGH_EXPLOSIVE,0,,0,1,1,,0,0,0,0,,150,250,10,1500,,,"SYSTEM, STRIKE, BOMB",utility8,,Antique,,Strike,Very Slow,None,,,,,,,TRUE,13.5
Magnetic Hypergun,magellan_supersolenoid_sm,0,0.1,5000,800,,400,200,15,40,15,,,,KINETIC,600,,0.4,2.1,1,,0,0,0,0,,2000,,,300,0.25,,"SYSTEM, NO_TURN_RATE_BOOST_WHEN_IDLE","kinetic15, LR, no_sell, restricted",,Antique,,General,,,,,"Hits on hull or armor raise the target's soft flux by %s, and additionally %s, dealing extra damage equal to %s of the original hit.",200 | arc to weapons and engines | 10%,,,,1.5
,,,,,,,,,,,,,,,,,,,,,,,,,,,,,,,,,,,,,,,,,,,,,,,,
#Other Subfaction Weapons,,,,,,,,,,,,,,,,,,,,,,,,,,,,,,,,,,,,,,,,,,,,,,,,
Light Gamma Torch,magellan_radflamer,3,0.1,1000,400,,30,,0,30,9,400,,,ENERGY,15,,0.1,3.9,5,0.05,0,0,0,0,,450,,,,,,SYSTEM,"he9, SR, no_sell, no_drop, restricted",,The Herd,,Anti Armor,,,,,Each shot deals an additional %s damage to armor over %s seconds. This damage is not reduced by armor.,100 | 10,,,,
Heavy Gamma Torch,magellan_radflamer_med,3,0.1,3000,500,,50,,0,12,14,400,,,ENERGY,25,,0.1,3.9,5,0.05,0,0,0,0,,550,,,,,,SYSTEM,"he14, SR, no_sell, no_drop, restricted",,The Herd,,Anti Armor,,,,,Each shot deals an additional %s damage to armor over %s seconds. This damage is not reduced by armor.,100 | 10,,,,
Cutting Laser,magellan_herdlaser,3,,400,1000,100,,,0,16,5,,,,HIGH_EXPLOSIVE,,50,0.1,0.1,,,,,,,2400,,,,,,,SYSTEM,"beam10, LR, no_sell, no_drop, restricted",,The Herd,,Fire Support,,,,,,,,,,18
Glowfire MRM Pod,magellan_radmissile_launcher,3,,1500,1200,,300,,20,24,5,10,0.25,5,ENERGY,,,,0.3,5,0.3,0,0,0,0,,300,100,6,150,,,"DO_NOT_CONSERVE, DO_NOT_AIM, SYSTEM","utility12, missile6, no_sell, no_drop, restricted",,The Herd,,General,Medium,Good,,,Each missile deals an additional %s damage to armor over %s seconds. This damage is not reduced by armor.,100 | 10,,,TRUE,2.1
Fuel Rod Projector,magellan_fuelrod_gun,3,0.05,4000,1000,,300,200,0,12,12,,,,ENERGY,450,,,3,1,0,2,5,1,2,,600,800,5,800,,,"STRIKE,USE_VS_FRIGATES","he14,LR,hist3t",,The Herd,,Close Support,,,,,Corrosive fuel rods do %s additional damage to armor. This damage is not reduced by armor.,100,,,,2.1
Fuel Pellet Shotgun,magellan_fuelscatter_flak,3,0.5,2100,800,,750,,0,20,14,,,,ENERGY,750,,,2.5,1,,1,3,2,10,,450,600,,500,,,,"he12,SR,hist2t",,The Herd,,General,,,,Spread Pattern,"Fires %s projectiles, each doing %s damage, plus %s additional damage to armor. This damage is not reduced by armor.",9-12 | 75 | 25,,,,1.5
Pellet Flak Sub,magellan_fuelscatter_sub,3,,0,850,,75,,0,20,0,,,,ENERGY,75,,,1,,,,,,,,450,600,,300,,,SYSTEM,,,,,,,,,,,,,,,1.5
,,,,,,,,,,,,,,,,,,,,,,,,,,,,,,,,,,,,,,,,,,,,,,,,
Fusion Bomb Bay,magellan_fusbomb_ftr,0,,1350,600,,250,,0,30,8,3,,,HIGH_EXPLOSIVE,0,,,0.6,3,0.2,3,5,1,10,,200,400,8,300,,,"STRIKE, USE_VS_FRIGATES, GROUP_LINKED, SYSTEM, SYSTEM",strike10,SR_strike_only,Magellan,,Strike,,,,,Unstable fusion bolts do %s extra %s damage on hits to armor or hull.,50-150 | Energy,,,,19.75
,,,,,,,,,,,,,,,,,,,,,,,,,,,,,,,,,,,,,,,,,,,,,,,,
Strikefire MRM Bay,magellan_electromissile_single,0,,0,1000,,500,,50,0,2,2,,,ENERGY,,,,5,1,,0,0,0,0,,500,150,8,300,,,"STRIKE, USE_VS_FRIGATES, GUIDED_POOR, DIRECT_AIM, SYSTEM, SYSTEM",strike9,,Tichel,,Strike,Medium,Average,,,Hits to armor or hull do %s additional damage to armor. This damage is not reduced by armor.,250,,,TRUE,2.1
Strikefire MRM Tube,magellan_strikefire_tube,3,,0,1000,,500,,50,0,5,6,,,ENERGY,,,0.1,6.9,1,,0,0,0,0,,500,150,8,300,,,"STRIKE, USE_VS_FRIGATES, GUIDED_POOR, DIRECT_AIM, SYSTEM",strike10,,Tichel,,Strike,Medium,Average,,,Hits to armor or hull do %s additional damage to armor. This damage is not reduced by armor.,250,,,TRUE,2.1
,,,,,,,,,,,,,,,,,,,,,,,,,,,,,,,,,,,,,,,,,,,,,,,,
#Smokelayer,,,,,,,,,,,,,,,,,,,,,,,,,,,,,,,,,,,,,,,,,,,,,,,,
Smokelaying Mortar,magellan_smokelauncher,,,,800,,50,,,,,,0,,FRAGMENTATION,0,0,,0.2,8,0.2,12,20,1,10,,90,600,2,100,,,SYSTEM,,,,,,,,,,,,,,,164
Smokelaying Mortar,magellan_smokelauncher_bad,,,,800,,50,,,,,,0,,FRAGMENTATION,0,0,,0.25,6,0.25,18,24,1,10,,75,500,2.5,100,,,SYSTEM,,,,,,,,,,,,,,,164
E-Charge Mortar,magellan_ionchargelauncher,,,,700,,100,400,50,,,,0,,ENERGY,0,0,,0.3,5,0.5,5,10,1,10,,300,500,7,300,,,SYSTEM,,,,,,,,,,,,,,,164
Microflare,magellan_microflares,,,,400,,0,,,,,,0,,FRAGMENTATION,0,0,,0,1,0,,,,,,90,60,6,30,,,SYSTEM,,,,,,,,,,,,,,,164
Microflare brief,magellan_microflare_brief,,,,200,,0,,,,,,0,,FRAGMENTATION,0,0,,0,1,0,,,,,,20,15,1,25,,,SYSTEM,,,,,,,,,,,,,,,164
Drone Missile Conversion,magellan_missiledrone_wpn,0,,0,1500,,600,,200,0,0,1,,,HIGH_EXPLOSIVE,0,,0,1,1,,0,0,0,0,,600,0,10,100000,,,"DIRECT_AIM, SYSTEM, SYSTEM",restricted,,,,Missile,Fast,Medium,,,,,,,TRUE,41
Flak Pods,magellan_flakpod_wpn,,,,300,,150,,,,,,0,,HIGH_EXPLOSIVE,0,0,0,0.1,8,0.5,150,150,0,0,,50,150,4,150,,,SYSTEM,,,,,,,,,,,,,,,35.5
,,,,,,,,,,,,,,,,,,,,,,,,,,,,,,,,,,,,,,,,,,,,,,,,
Beam Mount Armor,magellan_modfrigate_deco_yellowtail,,,,,,,,,,,,,,,,,,,,,,,,,,,,,,,,SYSTEM,,,Tichel,,,,,,,,,,,,71
# === Magellan Content ===,,,,,,,,,,,,,,,,,,,,,,,,,,,,,,,,,,,,,,,,,,,,,,,,
Bonerattler Cannon,magellan_bonerattler,3,,5500,800,,400,,1,20,18,,,,FRAGMENTATION,100,,,2.5,4,0.1,1,9,1.2,10,,800,,,100,,,RESET_BARREL_INDEX_ON_BURST,"he18, magellan, magellan_adv_bp",,Magellan,,General,,,,,,,,,,1.5
,,,,,,,,,,,,,,,,,,,,,,,,,,,,,,,,,,,,,,,,,,,,,,,,
Barrage Flenser CIWS,magellan_largeciws,2,,5000,600,,20,,1,90,16,200,30,50,HIGH_EXPLOSIVE,8,,,0.05,1,,2,8,0.25,10,,1350,,,10,,,"PD, IGNORES_FLARES, ANTI_FTR","he14, pd16, SR, magellan, magellan_core_bp",,Magellan,,Point Defense,,,,,"One in five rounds is a tracer. %s of the shots reach %s of the maximum range and %s of the shots reach full range. Advanced built-in targeting sensors enable the weapon to identify decoy flares and not fire on them.",100% | 50% | 50%,,,,1.8
Barrage Tracers,magellan_largeciws_tracer,0,,0,625,,20,,1,90,1,,,,HIGH_EXPLOSIVE,10,,,1,1,,0,0,0,0,,1350,,,10,,,SYSTEM,,,Magellan,,,,,,,,,,,,1.9
,,,,,,,,,,,,,,,,,,,,,,,,,,,,,,,,,,,,,,,,,,,,,,,,
Voidshatter Lance,magellan_heavylance,3,,8000,1000,4668,,,0,8,22,2,0.25,1,FRAGMENTATION,,1400,0.5,0.25,0.5,0.75,,,,,10000,,,,,,,"STRIKE, USE_VS_FRIGATES","he18, beam15, LR, magellan, magellan_antique, rare_bp, hist3t",,Magellan,,General,,,,,,65 | Energy,,,,11.1
,,,,,,,,,,,,,,,,,,,,,,,,,,,,,,,,,,,,,,,,,,,,,,,,
,,,,,,,,,,,,,,,,,,,,,,,,,,,,,,,,,,,,,,,,,,,,,,,,
#Built-in,,,,,,,,,,,,,,,,,,,,,,,,,,,,,,,,,,,,,,,,,,,,,,,,
Bonecracker Assault Gun,magellan_bonecracker_ftr,0,,900,450,,225,,1,30,6,,,,FRAGMENTATION,75,,,0.5625,1,,0,4,1,5,,650,,,100,,,"SYSTEM, PD, PD_ALSO",he9,,Magellan,,Multipurpose,,,,Spread Pattern,"Fires a single %s damage %s core and six %s damage %s submunitions. Will target missiles if no other targets are in range.",75 | High Explosive | 25 | Fragmentation,,,,2.1
Revolver Assault Cannon,magellan_revgrenade_ftr,0,,1000,500,,100,,50,45,6,3,1.5,3,HIGH_EXPLOSIVE,100,,,0.222,1,,3,9,3,10,,850,1000,20,200,,,"SYSTEM, DO_NOT_CONSERVE",he7,,Magellan,,Anti Armor,,,,,,,,,,1.5
Ripfire SRM Bay,magellan_ripfiresrmftr,0,,600,800,,300,,10,4,4,4,0.24,2,FRAGMENTATION,0,,,2,1,,0,0,0,0,,560,140,6,100,,,"SYSTEM, DO_NOT_AIM, MISSILE_SPREAD, DIRECT_AIM, DO_NOT_CONSERVE","strike9, missile4",,Magellan,,Strike,Fast,Good,,,Volatile micro-warheads do %s additional damage to armor. This damage is not reduced by armor.,120,,,TRUE,2.2
,,,,,,,,,,,,,,,,,,,,,,,,,,,,,,,,,,,,,,,,,,,,,,,,
Balefire MRM Launcher,magellan_balefiremrm_ftr2,0,,500,1200,,600,,25,500,5,4,,,ENERGY,0,,,10,1,,1,4,2,15,,400,100,12.5,275,,,"SYSTEM, NO_TURN_RATE_BOOST_WHEN_IDLE, DO_NOT_CONSERVE, BOMB, GROUP_LINKED","utility5, missile6",,Magellan,,Fire Support,Medium,Good,,,Unstable fusion warheads do %s extra %s damage on hits to armor or hull.,150-300 | Energy,,,TRUE,2.4
Ripfire SRM Launcher,magellan_ripfiresrmftr2,0,,600,1200,,300,,10,500,4,16,,,FRAGMENTATION,0,,,9.88,2,0.12,0,0,0,0,,560,140,6,100,,,"SYSTEM, NO_TURN_RATE_BOOST_WHEN_IDLE, DO_NOT_CONSERVE, BOMB, DO_NOT_AIM, GROUP_LINKED, MISSILE_SPREAD, DIRECT_AIM","strike9, missile4",,Magellan,,Strike,Fast,Good,,,Volatile micro-warheads do %s additional damage to armor. This damage is not reduced by armor.,120,,,TRUE,2.3
,,,,,,,,,,,,,,,,,,,,,,,,,,,,,,,,,,,,,,,,,,,,,,,,
Slamfire Torpedo Tube,magellan_slamfire_tube,0,,500,1200,,1200,,30,10,5,4,,,HIGH_EXPLOSIVE,0,,,8,1,,0,2,2,5,,750,500,3,350,,,"SYSTEM, STRIKE","strike6, rocket3",,Magellan,,Torpedo,Fast,None,,,Volatile warheads do %s additional damage to armor. This damage is not reduced by armor.,300,,,TRUE,9.9
,,,,,,,,,,,,,,,,,,,,,,,,,,,,,,,,,,,,,,,,,,,,,,,,
Bonethrower Cannon,magellan_bonecrusher_ftr,0,,3200,1200,,800,200,0,12,12,3,0.6,3,FRAGMENTATION,200,,0.1,0.9,1,,2,8,1,10,,800,,,100,,,"SYSTEM, DO_NOT_CONSERVE",he13,,Antique Magellan,,Anti Armor,,,,,"Hits on hull or armor have a %s chance to arc to weapons and engines, dealing %s extra %s damage.",20% | 100 | Energy,,,,13
,,,,,,,,,,,,,,,,,,,,,,,,,,,,,,,,,,,,,,,,,,,,,,,,
,,,,,,,,,,,,,,,,,,,,,,,,,,,,,,,,,,,,,,,,,,,,,,,,
#Leveller,,,,,,,,,,,,,,,,,,,,,,,,,,,,,,,,,,,,,,,,,,,,,,,,
Heavy Diffusion Gun,magellan_diffusionlaser_ftr,0,,3000,500,,200,,5,90,10,24,3.75,12,FRAGMENTATION,50,,,0.6,1.5,0.1,0,0,0,0,,2000,,,,,,SYSTEM,"energy10, leveller, magellan_levellercore_bp, restricted",,Leveller Magellan,,General,,,,,,,,,,4.2
Stunfire Grenade Bay,magellan_stunfire_rack_ftr,0,,400,1500,,350,,30,10,3,6,,,HIGH_EXPLOSIVE,0,,0.1,5.75,2,0.15,4,8,2,5,,800,100,8,200,,,"SYSTEM, GUIDED_POOR, CONSERVE_FOR_ANTI_ARMOR","strike5, missile4",,Leveller Magellan,,Grenade,Fast,,,,Shaped-charge warheads have %s/%s/%s chances to do %s/%s/%s additional damage to armor. This damage is not reduced by armor.,20% | 60% | 20% | 50 | 100 | 150,,,TRUE,4.1
,,,,,,,,,,,,,,,,,,,,,,,,,,,,,,,,,,,,,,,,,,,,,,,,
,,,,,,,,,,,,,,,,,,,,,,,,,,,,,,,,,,,,,,,,,,,,,,,,
#Marauders,,,,,,,,,,,,,,,,,,,,,,,,,,,,,,,,,,,,,,,,,,,,,,,,
Glowtide SRM Launcher,magellan_radmissile_builtin,0,,6000,1500,,150,,20,24,5,216,0.6,27,ENERGY,,,,0.25,3,0.15,0,0,0,0,,350,125,6,150,,,"SYSTEM, DO_NOT_AIM, MISSILE_SPREAD",,,Unique Magellan,,General,Medium,Good,,,Each missile deals an additional %s damage to armor over %s seconds. This damage is not reduced by armor.,100 | 10,,,TRUE,9.1
Glowtide SRM Array,magellan_cruiserradmissile_builtin,0,,6000,1500,,150,,20,24,0,150,0.6,15,ENERGY,,,,0.25,5,0.15,0,0,0,0,,350,125,6,150,,,"SYSTEM, DO_NOT_AIM, MISSILE_SPREAD",,,The Herd,,General,Medium,Good,,,Each missile deals an additional %s damage to armor over %s seconds. This damage is not reduced by armor.,100 | 10,,,TRUE,9.1
,,,,,,,,,,,,,,,,,,,,,,,,,,,,,,,,,,,,,,,,,,,,,,,,
Custom Heavy Flenser Pod,magellan_medciws_marauder,0,,1200,450,,50,,1,60,12,20,8,10,HIGH_EXPLOSIVE,25,,,0.0714,2.5,0.0714,3,10,1,10,,1200,,,10,,,"SYSTEM, PD, PD_ALSO","pd11, he9",,Unique Magellan,,Point Defense,,,,,One in four rounds is a tracer. %s of the shots reach %s of the maximum range and %s of the shots reach full range.,100% | 50% | 50%,,,,8.1
ER-C Autogun,magellan_sniperautogun_marauder,0,,250,650,,30,,5,25,5,10,3.334,5,KINETIC,30,,,0.25,2.5,0.125,2,6,1,6,,900,,,30,,,SYSTEM,kinetic8,,Unique Magellan,,General,,,,,,,,,,1.1
Flak Pods Bay,magellan_flakpod_marauder,0,,250,450,,150,,10,25,5,50,,,HIGH_EXPLOSIVE,0,,,2.6,5,0.1,90,90,0,0,,200,250,3,150,,,"SYSTEM, PD, PD_ALSO",missile5,,Unique Magellan,,Multipurpose,,,,,,,,,TRUE,35.5
,,,,,,,,,,,,,,,,,,,,,,,,,,,,,,,,,,,,,,,,,,,,,,,,
Boneknocker,magellan_bonesaw_marauder,0,,300,450,,120,,1,75,3,10,5,5,FRAGMENTATION,30,,,0.2,2.5,0.1,2,7,1,20,,950,,,45,,,"SYSTEM, DO_NOT_CONSERVE",he7,,Unique Magellan,,General,,,,,,,,,,1.3
Rendfire SRM Bay,magellan_rendfiresrm_marauder,0,,500,800,,400,,20,6,18,4,0.25,2,FRAGMENTATION,0,,,4,1,,0,0,0,0,,750,50,10,130,,,"SYSTEM, STRIKE, USE_VS_FRIGATES, GUIDED_POOR, MISSILE_SPREAD, DIRECT_AIM, DO_NOT_CONSERVE",missile4,,Unique Magellan,,Strike,Fast,Good,,,Volatile warheads have %s/%s chances to do %s/%s additional damage to armor. This damage is not reduced by armor.,40% | 60% | 120 | 160,,,TRUE,2.1
,,,,,,,,,,,,,,,,,,,,,,,,,,,,,,,,,,,,,,,,,,,,,,,,
Bonebreaker Autocannon,magellan_bonecrusher_marauder,0,,3200,500,,800,200,0,12,12,4,0.5,1,FRAGMENTATION,200,,0.1,0.4,1,,3,10,1,10,,700,,,100,,,"SYSTEM, USE_LESS_VS_SHIELDS",he15,,Unique Magellan,,Anti Armor,,,,,"Hits on hull or armor have a %s chance to arc to weapons and engines, dealing %s extra %s damage.",20% | 100 | Energy,,,,5.3
Gamma Lance,magellan_gamma_lance,0,,1500,700,600,,,0,40,15,2,0.318,1,KINETIC,,900,0.25,0.5,0.667,0.154,,,,,3200,,,,,,,"SYSTEM, STRIKE, USE_VS_FRIGATES","energy12, beam8",,Unique Magellan,,Anti Shield,,,,,,,,,,20
Shortfire Rocket Bay,magellan_shortfire_marauder,0,,1050,1000,,400,,15,12,10,10,,,HIGH_EXPLOSIVE,,,,4.5,2,0.25,3,15,4,5,,500,125,10,250,,,"SYSTEM, STRIKE, USE_VS_FRIGATES","he8, rocket10",,Unique Magellan,,Strike,Fast,None,,,,,,,TRUE,5.2
,,,,,,,,,,,,,,,,,,,,,,,,,,,,,,,,,,,,,,,,,,,,,,,,
Fuel Pellet Assault Gun,magellan_fuelpelletshotgun_ftr,0,,900,450,,210,,1,30,6,,,,ENERGY,210,,,0.84,1,,1,5,1,5,,550,,,100,,,SYSTEM,he9,,Unique Magellan,,Close Assault,,,,Spread Pattern,"Fires %s projectiles, each doing %s damage, plus %s additional damage to armor. This damage is not reduced by armor.",6-8 | 30 | 15,,,,5.3
Glowfire MRM Bay,magellan_radmissile_marauder,0,,1500,800,,300,,20,24,5,4,0.444,2,ENERGY,,,,2.25,1,,0,0,0,0,,300,100,6,150,,,"SYSTEM, DO_NOT_AIM, DO_NOT_CONSERVE","utility12, missile6",,Unique Magellan,,General,Medium,Good,,,Each missile deals an additional %s damage to armor over %s seconds. This damage is not reduced by armor.,100 | 10,,,TRUE,2.1
,,,,,,,,,,,,,,,,,,,,,,,,,,,,,,,,,,,,,,,,,,,,,,,,
,,,,,,,,,,,,,,,,,,,,,,,,,,,,,,,,,,,,,,,,,,,,,,,,
#Duncan,,,,,,,,,,,,,,,,,,,,,,,,,,,,,,,,,,,,,,,,,,,,,,,,
Heavy Voidshatter Lance,magellan_heavylance_builtin,0,,10000,1000,4668,,,0,7,30,2,0.25,1,FRAGMENTATION,,1400,0.5,0.25,0.5,0.75,,,,,10000,,,,,,,"SYSTEM, STRIKE, USE_VS_FRIGATES","beam15, he18",,Unique Ancient Magellan,,General,,,,,"Hits cause an explosion that deals %s extra %s damage, for each beam.",75 | Energy,,,,11.2
Electron Catapult,magellan_electroncatapult,0,,1500,600,,150,150,50,45,7,4,0.5,2,ENERGY,200,,,1,1,,3,9,3,6,,500,,,100,,,"SYSTEM, PD","energy5, pd8",,Unique Ancient Magellan,,Point Defense,,,,,,,,,,17.1
Electron Catapult Rift,magellan_electroncatapult_rift,0,,0,600,,150,200,50,45,0,,,,ENERGY,0,,,1,1,,0,0,0,0,,500,,,100,,,"SYSTEM, PD","energy7, pd10",,,,,,,,,,,,,,17.2
Electron Catapult Rift Boss,magellan_electroncatapult_rift_boss,0,,0,600,,175,200,50,45,0,,,,ENERGY,0,,,1,1,,0,0,0,0,,500,,,100,,,"SYSTEM, PD","energy7, pd10",,,,,,,,,,,,,,17.2
,,,,,,,,,,,,,,,,,,,,,,,,,,,,,,,,,,,,,,,,,,,,,,,,
,,,,,,,,,,,,,,,,,,,,,,,,,,,,,,,,,,,,,,,,,,,,,,,,
#Shotgun projectiles,,,,,,,,,,,,,,,,,,,,,,,,,,,,,,,,,,,,,,,,,,,,,,,,
Fuel Pellet Sub,magellan_fuelpelletshotgun_sub,0,,0,475,,30,,0,25,0,,,,ENERGY,5,,,1,,,,,,,,550,,,,,,SYSTEM,,,,,,,,,,,,,,,5.5
,,,,,,,,,,,,,,,,,,,,,,,,,,,,,,,,,,,,,,,,,,,,,,,,
,,,,,,,,,,,,,,,,,,,,,,,,,,,,,,,,,,,,,,,,,,,,,,,,
#Special shit,,,,,,,,,,,,,,,,,,,,,,,,,,,,,,,,,,,,,,,,,,,,,,,,
Swarmfighter Missile Conversion,magellan_swarmfighter_missile,,,0,1500,,500,,100,0,0,1,,,HIGH_EXPLOSIVE,0,,0,1,1,,0,0,0,0,,400,0,10,100000,,,"SYSTEM, DIRECT_AIM",restricted,,,,Missile,Fast,Medium,,,,,,,TRUE,10
,,,,,,,,,,,,,,,,,,,,,,,,,,,,,,,,,,,,,,,,,,,,,,,,
Flak Pods,magellan_flakpod_ftr,,,,300,,150,,,,,,0,,HIGH_EXPLOSIVE,0,0,0,0.05,2.5,0.1,150,150,0,0,,300,300,4,150,,,SYSTEM,,,,,,,,,,,,,,,19
,,,,,,,,,,,,,,,,,,,,,,,,,,,,,,,,,,,,,,,,,,,,,,,,
Flak Pods,magellan_anomalous_flakpod,,,,300,,150,,,,,,0,,HIGH_EXPLOSIVE,0,0,0,0.1,7,0.5,150,150,0,0,,50,150,4,150,,,SYSTEM,,,,,,,,,,,,,,,35.5
Anomalous Flak Pods,magellan_anomalous_flakpod_rift,,,,300,,200,,,,,,0,,HIGH_EXPLOSIVE,0,,,0.1,1,,150,150,0,0,,50,150,4,150,,,SYSTEM,,,,,,,,,,,,,,,35.5
Anomalous Flak Pods,magellan_anomalous_flakpod_rift_boss,,,,300,,200,,,,,,0,,HIGH_EXPLOSIVE,0,,,0.1,1,,150,150,0,0,,50,150,4,150,,,SYSTEM,,,,,,,,,,,,,,,35.5
,,,,,,,,,,,,,,,,,,,,,,,,,,,,,,,,,,,,,,,,,,,,,,,,
Arrochar Top,magellan_bomber_civ_top_deco,0,,,,,,,,,,,,,,,,,,,,,,,,,,,,,,,SYSTEM,,,,,,,,,,,,,,,12
Kaplan Top,magellan_carrier_marauder_top_deco,0,,,,,,,,,,,,,,,,,,,,,,,,,,,,,,,SYSTEM,,,,,,,,,,,,,,,18
Hada Top,magellan_corvette_strikecraft_marauder_top_deco,0,,,,,,,,,,,,,,,,,,,,,,,,,,,,,,,SYSTEM,,,,,,,,,,,,,,,19
,,,,,,,,,,,,,,,,,,,,,,,,,,,,,,,,,,,,,,,,,,,,,,,,
,,,,,,,,,,,,,,,,,,,,,,,,,,,,,,,,,,,,,,,,,,,,,,,,
#Unused,,,,,,,,,,,,,,,,,,,,,,,,,,,,,,,,,,,,,,,,,,,,,,,,
#Ripfire SRM Storm,magellan_ripfiresrmstorm,1,,6000,1200,,300,,10,8,20,240,,,FRAGMENTATION,,,,8.86,20,0.06,5,15,3,15,,560,140,6,100,,,"DO_NOT_AIM, MISSILE_SPREAD, DIRECT_AIM, GROUP_LINKED","strike20, missile13, magellan, magellan_adv_bp",,Magellan,,Strike,Fast,Good,,,Volatile micro-warheads do %s additional damage to armor. This damage is not reduced by armor.,120,,,TRUE,2.5
#Flenser Micro-CIWS,magellan_smciws_mechL,0,,300,350,,20,,1,75,2,,,,HIGH_EXPLOSIVE,0,,,1.15,10,0.05,2,7,1,10,,1100,,,10,,,"SYSTEM, PD","pd7, SR",,Magellan,,Point Defense,,,,,One in four rounds is a tracer. %s of the shots reach %s of the maximum range and %s of the shots reach full range.,100% | 70% | 50%,,,,3.1
#Mini Quad Autogun,magellan_smgatling_mechR,0,,300,400,,25,,5,45,5,,,,KINETIC,0,,,0.1875,3,0.1875,1,8,2,15,,950,,,30,,,SYSTEM,kinetic6,,Magellan,,Close Support,,,,,,,,,,3.2
#Chasefire AFM Bay,magellan_crackerftr_mech,0,,500,600,,200,,20,0,3,4,0.3,2,FRAGMENTATION,0,,,2,1,,0,0,0,0,,425,175,5,150,,,"SYSTEM, ANTI_FTR, DO_NOT_CONSERVE, DO_NOT_AIM","missile4, SR",,Magellan,,Anti-fighter,Medium,Good,,,,,,,TRUE,3.3
#Mini PD Maser,magellan_smpdmaser_mech,0,,750,400,350,,200,0,120,6,2,0.5,,FRAGMENTATION,,75,,0.2,0.3,0.1,,,,,10000,,,,,,,"SYSTEM, PD, PD_ONLY","pd9, beam6",,Magellan,,Point Defense,,,,,,,,,,3.4
#Bonechipper,magellan_bonesaw_mechL,0,,300,450,,150,,1,75,3,,,,FRAGMENTATION,0,,,0.85,5,0.1,1,6,1,20,,950,,,45,,,SYSTEM,he7,,Magellan,,General,,,,,,,,,,3.5
#Dirty Fusion Bomb,magellan_hvyfusionbomb_ftr,0,,3000,1000,,800,,50,12,10,1,,,ENERGY,500,,0.05,0.95,1,0,0,0,0,0,,400,400,4.5,1000,,,"SYSTEM, STRIKE","strike13, rocket10",,The Herd Magellan,,Strike,Slow,None,,,Dirty fusion bombs do %s extra %s damage on hits to armor or hull.,800-1200 | High Explosive,,,TRUE,2.5
#Riptide SRM Launcher,magellan_ripfiresrm_builtin,0,,6000,1200,,300,,10,6,30,270,0.45,27,FRAGMENTATION,,,,0.2,3,0.1,5,15,3,15,,560,140,6,100,,,"SYSTEM, DO_NOT_CONSERVE, DO_NOT_AIM, MISSILE_SPREAD, DIRECT_AIM, GROUP_LINKED",,,The Herd Magellan,,Strike,Fast,Good,,,Volatile micro-warheads do %s additional damage to armor. This damage is not reduced by armor.,120,,,TRUE,9
#Shredder Flenser CIWS,magellan_heavyflenser_large,0,,5500,700,,50,,1,35,20,,,,HIGH_EXPLOSIVE,25,,,0.52,15,0.07,2,8,0.5,10,,1100,,,10,,,"SYSTEM, PD, PD_ALSO","pd16, SR",,Unique Magellan,,Assault,,,,,One in five rounds is a tracer. %s of the shots reach %s of the maximum range and %s of the shots reach full range.,,,,,
Will target missiles if no other targets are in range.,100% | 70% | 50%,,,,5,,,,,,,,,,,,,,,,,,,,,,,,,,,,,,,,,,,,,,,,,,,
#Shredder Tracers,magellan_heavyflenser_large_tracer,0,,0,725,,50,,1,35,1,,,,HIGH_EXPLOSIVE,25,,,1,1,,0,0,0,0,,1100,,,10,,,SYSTEM,,,,,,,,,,,,,,,5.1
#CFC Flenser CIWS,magellan_flenser_builtin,0,,300,400,,20,,1,100,4,40,10,20,HIGH_EXPLOSIVE,10,,,0.05,1,,2,8,1,10,,1200,,,10,,,"SYSTEM, PD","pd7, SR",,Unique Antique Magellan,,Point Defense,,,,,One in four rounds is a tracer. %s of the shots reach %s of the maximum range and %s of the shots reach full range.,100% | 70% | 50%,,,,12.1
#CFC Tracers,magellan_flenser_builtin_tracer,0,,0,425,,20,,1,100,1,,,,HIGH_EXPLOSIVE,10,,,1,1,,0,0,0,0,,1200,,,10,,,SYSTEM,,,,,,,,,,,,,,,12.2
#CFC Rift,magellan_flenser_builtin_rift,0,,0,425,,30,,1,100,1,,,,HIGH_EXPLOSIVE,10,,,1,1,,0,0,0,0,,1200,,,10,,,SYSTEM,,,,,,,,,,,,,,,12.3
#Heavy Voidshatter Lance Minelayer,magellan_heavylance_builtin_minelayer,0,,,,,250,,25,,,,,,ENERGY,0,,,,1,,,,,,,0,0,20,1000,,,SYSTEM,,,Unique Ancient Magellan,,,,,,,,,,,,11.3
#Shockfire MRM Bay,magellan_electromissile_ftr,0,,4000,700,,400,200,50,12,10,6,,,HIGH_EXPLOSIVE,,,,10,1,,5,15,3,15,,400,100,10,160,,,"SYSTEM, DO_NOT_AIM, GROUP_LINKED","strike13, missile9",,Leveller Magellan,,Strike,Medium,Average,,,"Hits on hull or armor will %s, dealing extra damage equal to %s of the original hit.",arc to weapons and engines | 25%,,,TRUE,5.2
#Foxfire Rocket Bay,magellan_calliope_ftr,0,,750,1000,,125,,25,9,5,20,,,KINETIC,,,,4.8,2,0.2,4,12,1,15,,1000,50,3.5,175,,,"SYSTEM, DO_NOT_CONSERVE, GROUP_LINKED, GUIDED_POOR","utility9, missile5",,Unique Magellan,,Fire Support,Very Fast,Good,,,"Dumbfire missiles orient on launch, but do not continue tracking their targets.",,,,,6.2
#Salvo Gun Pod,magellan_salvoag_ftr,0,,800,700,,70,,25,40,6,,,,HIGH_EXPLOSIVE,70,,,0.5,1,,2,10,1,10,,850,,,60,,,SYSTEM,he9,,Unique Magellan,,Strike,,,,,,,,,,7.1
#Ripfire Rotary SRM,magellan_ripfireftr_rotary,0,,600,500,,300,,10,4,10,15,,,FRAGMENTATION,,,,0.25,1,,0,0,0,0,,560,140,6,100,,,"SYSTEM, DO_NOT_AIM, MISSILE_SPREAD, DIRECT_AIM, GROUP_LINKED","strike9, missile4, SR",,Unique Magellan,,Strike,Fast,Good,,,Volatile micro-warheads do %s additional damage to armor. This damage is not reduced by armor.,120,,,TRUE,7.2
#Chasefire Rotary AFM,magellan_crackerftr_rotary,0,,500,600,,200,,20,24,10,20,0.4,4,FRAGMENTATION,,,,0.2,1,,4,12,1,15,,425,175,5,150,,,"SYSTEM, ANTI_FTR, DO_NOT_CONSERVE, GROUP_LINKED, DO_NOT_AIM","missile5, SR",,Unique Magellan,,Anti-fighter,Medium,Good,,,,,,,,8.2
#Bonecracker Core,magellan_bonecracker_ftr_core,3,,0,475,,75,,50,0,0,,,,HIGH_EXPLOSIVE,40,,,1,,,,,,,,600,,,,,,SYSTEM,,,,,,,,,,,,,,,13.1
#Bonecracker Sub,magellan_bonecracker_ftr_sub,3,,0,475,,25,,25,0,0,,,,FRAGMENTATION,5,,,1,,,,,,,,600,,,,,,SYSTEM,,,,,,,,,,,,,,,13.2
#Fuel Pellet Core,magellan_fuelpelletshotgun_core,0,,0,475,,75,,50,0,0,,,,ENERGY,40,,,1,,,,,,,,600,,,,,,SYSTEM,,,,,,,,,,,,,,,5.4
#Lao Top,magellan_targdrone_mod_top_deco,0,,,,,,,,,,,,,,,,,,,,,,,,,,,,,,,SYSTEM,,,,,,,,,,,,,,,16
#ER Light Autogun,magellan_sniperautogun_drone,0,,250,800,,30,,5,25,3,,,,KINETIC,30,,,0.4,1,,1,5,2,5,,900,,,30,,,SYSTEM,kinetic4,,Magellan,,Fire Support,,,,,"Range extended by %s/%s/%s/%s, depending on the hull size of the carrier.",10% | 25% | 50% | 75%,,,,15
#Chasefire AFM Rack,magellan_crackerftrsingle_drone,0,,500,600,,200,,50,0,2,2,0.12,1,FRAGMENTATION,0,,,2,1,,0,0,0,0,,425,175,3.5,150,,,"SYSTEM, ANTI_FTR, DO_NOT_AIM, DO_NOT_CONSERVE",missile3,,Magellan,,Anti-fighter,Medium,Good,,,,,,,TRUE,14
#Bounder Top,magellan_bounder_top_deco,,,,,,,,,,,,,,,,,,,,,,,,,,,,,,,,SYSTEM,,,,,,,,,,,,,,,12
#Custom Bonegrinder Chaingun,magellan_bonegrinder_marauder,0,,1050,450,,300,,3,45,18,30,2.5,5,FRAGMENTATION,75,,,0.15,5,0.15,2,15,1,10,,1350,,,150,,,"SYSTEM, DO_NOT_CONSERVE",he16,,Unique Magellan,,Close Assault,,,,,One in three rounds is a tracer.,,,,,5.1
#Custom Bonegrinder Chaingun Tracers,magellan_bonegrinder_marauder_tracer,0,,0,450,,150,,3,0,0,,,,ENERGY,0,,,0.1,1,,0,0,0,0,,1350,,,150,,,SYSTEM,,,Unique Magellan,,,,,,,,,,,,5.2
#Strikefire MRM Bay,magellan_strikefire_marauder,0,,0,800,,250,,50,0,4,8,,,ENERGY,,,,5,1,,0,0,0,0,,500,150,8,300,,,"SYSTEM, STRIKE, USE_VS_FRIGATES, GUIDED_POOR, DIRECT_AIM",strike9,,Unique Magellan,,Strike,Medium,Average,,,Hits to armor or hull do %s additional damage to armor. This damage is not reduced by armor.,250,,,TRUE,2.1
Electron Bomb Bay,magellan_electrontorp_marauder,0,,1000,500,,75,600,0,30,8,4,,,ENERGY,0,,,0.65,1,0.35,1,4,4,5,,350,,,100,,,"STRIKE, USE_VS_FRIGATES, GROUP_LINKED, SYSTEM, SYSTEM",strike10,SR_strike_only,Magellan,,Strike,,,,,,,,,,19.75
Fusion Bomb Bay,magellan_fusbomb_marauder,0,,1350,600,,75,,0,30,8,4,,,HIGH_EXPLOSIVE,0,,,0.6,2,0.2,3,5,1,10,,200,400,8,300,,,"STRIKE, USE_VS_FRIGATES, GROUP_LINKED, SYSTEM, SYSTEM",strike10,SR_strike_only,Magellan,,Strike,,,,,Unstable fusion bolts do %s extra %s damage on hits to armor or hull.,50-150 | Energy,,,,19.75
Burst Cutting Laser,magellan_herdlaser_marauder,0,,400,1000,500,,,0,16,5,,,,HIGH_EXPLOSIVE,,100,0.1,1.0,2.0,1.0,,,,,,2400,,,,,,SYSTEM,SYSTEM,"beam10, LR, no_sell, no_drop, restricted",,The Herd,,Strike,,,,,,,,,18
